HEAVE,-0.327329,31.8572,9.33134,0.933134,9.33134
HEAVE,-0.331408,0.397343,18.7791,2.71773,14.0552
HEAVE,-0.328349,-0.298104,7.8751,3.23346,11.9952
HEAVE,-0.32427,-0.39557,-3.39747,2.57037,8.14701
HEAVE,-0.332427,0.791103,-1.43906,2.16943,6.22979
HEAVE,-0.325289,-0.695011,0.727165,2.0252,5.31269
HEAVE,-0.327329,0.197854,0.129532,1.83563,4.57224
HEAVE,-0.321211,-0.595434,-0.386894,1.61338,3.95235
HEAVE,-0.327329,0.592985,-0.139407,1.4381,3.49771
HEAVE,-0.32427,-0.297675,0.152191,1.30951,3.16316
HEAVE,-0.331408,0.694592,0.22669,1.20123,2.8962
HEAVE,-0.328349,-0.296568,0.206724,1.10178,2.67208
HEAVE,-0.332427,0.397085,0.107118,1.00231,2.47478
HEAVE,-0.331408,-0.0990436,0.0812589,0.910207,2.30381
HEAVE,-0.330388,-0.0991745,0.0108529,0.820272,2.15095
HEAVE,-0.328349,-0.198312,-0.159145,0.72233,2.00657
HEAVE,-0.327329,-0.0989565,-0.176074,0.63249,1.87818
HEAVE,-0.329368,0.198621,-0.0305639,0.566184,1.77213
HEAVE,-0.334467,0.495861,0.262837,0.53585,1.6927
HEAVE,-0.339565,0.491756,0.497952,0.53206,1.63296
HEAVE,-0.333447,-0.596014,0.213631,0.500217,1.56537
HEAVE,-0.330388,-0.29698,-0.377578,0.412437,1.47706
HEAVE,-0.334467,0.397112,-0.268907,0.344303,1.40115
HEAVE,-0.32427,-0.992528,-0.080264,0.301846,1.33942
HEAVE,-0.328349,0.395186,-0.303215,0.24134,1.27371
HEAVE,-0.335487,0.695754,0.158358,0.233042,1.23082
HEAVE,-0.333447,-0.198133,0.517354,0.261473,1.20439
HEAVE,-0.338546,0.489976,0.204062,0.255732,1.16867
HEAVE,-0.336506,-0.19851,0.0820561,0.238364,1.1312
HEAVE,-0.342625,0.590311,0.16511,0.231039,1.09899
HEAVE,-0.329368,-1.29272,-0.105064,0.197429,1.06015
HEAVE,-0.336506,0.691081,-0.410309,0.136655,1.0142
HEAVE,-0.334467,-0.197616,-0.0136504,0.121624,0.983054
HEAVE,-0.336506,0.198584,0.215253,0.130987,0.960472
HEAVE,-0.340585,0.395067,0.176514,0.13554,0.938073
HEAVE,-0.336506,-0.397334,0.136276,0.135614,0.915801
HEAVE,-0.340585,0.395817,-0.0314061,0.118912,0.890201
HEAVE,-0.332427,-0.793562,-0.14034,0.0929864,0.863081
HEAVE,-0.336506,0.397389,-0.227157,0.0609721,0.835126
HEAVE,-0.335487,-0.0990872,-0.00457868,0.054417,0.814134
HEAVE,-0.343644,0.792808,0.329565,0.0819319,0.802315
HEAVE,-0.341605,-0.198621,0.378029,0.111542,0.792213
HEAVE,-0.343644,0.198685,0.117495,0.112137,0.776522
HEAVE,-0.336506,-0.694511,-0.210101,0.079913,0.754098
HEAVE,-0.334467,-0.196684,-0.426442,0.0292775,0.727864
HEAVE,-0.340585,0.595019,-0.108301,0.0155196,0.709687
HEAVE,-0.341605,0.0989153,0.393136,0.0532812,0.702952
HEAVE,-0.349763,0.793341,0.483203,0.0962734,0.698373
HEAVE,-0.344664,-0.49608,0.280943,0.11474,0.689855
HEAVE,-0.341605,-0.296437,-0.228006,0.0804657,0.671497
HEAVE,-0.337526,-0.397454,-0.483609,0.0240583,0.648848
HEAVE,-0.341605,0.396707,-0.164331,0.00521934,0.63321
HEAVE,-0.338546,-0.296945,0.112012,0.0158986,0.623376
HEAVE,-0.342625,0.397011,0.0867387,0.0229827,0.613438
HEAVE,-0.344664,0.196702,0.183989,0.0390833,0.60563
HEAVE,-0.339565,-0.495769,0.0714171,0.0423167,0.596091
HEAVE,-0.342625,0.29753,-0.177248,0.0203603,0.582523
HEAVE,-0.344664,0.197561,0.0746932,0.0257936,0.573768
HEAVE,-0.343644,-0.0991975,0.204254,0.0436396,0.567505
HEAVE,-0.339565,-0.396836,-0.129303,0.0263453,0.555891
HEAVE,-0.345684,0.591004,-0.123479,0.0113629,0.544754
HEAVE,-0.346704,0.0989451,0.281163,0.0383429,0.540503
HEAVE,-0.343644,-0.296664,0.165375,0.0510461,0.534548
HEAVE,-0.352822,0.892302,0.0682947,0.0527709,0.527263
HEAVE,-0.344664,-0.791012,0.175752,0.0650691,0.521855
HEAVE,-0.345684,0.0992297,-0.184684,0.0400937,0.51115
HEAVE,-0.344664,-0.099163,-0.232779,0.0128065,0.500047
HEAVE,-0.346704,0.198363,0.0607767,0.0176035,0.493587
HEAVE,-0.349763,0.297779,0.214338,0.0372769,0.48954
HEAVE,-0.348743,-0.0989703,0.193127,0.0528619,0.485305
HEAVE,-0.346704,-0.19863,-0.0657275,0.041003,0.477544
HEAVE,-0.344664,-0.19806,-0.236515,0.0132512,0.467627
HEAVE,-0.353842,0.888122,0.0972142,0.0216475,0.462553
HEAVE,-0.342625,-1.09112,0.183263,0.0378091,0.458778
HEAVE,-0.351802,0.890732,-0.134844,0.0205438,0.450863
HEAVE,-0.349763,-0.198828,0.112514,0.0297408,0.446411
HEAVE,-0.350782,0.0986848,0.196479,0.0464146,0.443166
HEAVE,-0.353842,0.297779,0.067483,0.0485214,0.438349
HEAVE,-0.350782,-0.297565,0.0824667,0.051916,0.433844
HEAVE,-0.348743,-0.198436,-0.156805,0.0310439,0.426461
HEAVE,-0.354861,0.594647,-0.0433849,0.023601,0.420661
HEAVE,-0.353842,-0.0990574,0.288134,0.0500542,0.419044
HEAVE,-0.35792,0.393486,0.238852,0.0689341,0.416873
HEAVE,-0.348743,-0.894001,-0.109822,0.0510585,0.410603
HEAVE,-0.349763,0.0989909,-0.420472,0.00390541,0.400826
HEAVE,-0.355881,0.595848,-0.0104907,0.0024658,0.396043
HEAVE,-0.35792,0.197835,0.508178,0.053037,0.397332
HEAVE,-0.349763,-0.786918,0.0617305,0.0539064,0.393518
HEAVE,-0.356901,0.693161,-0.287239,0.0197919,0.385869
HEAVE,-0.354861,-0.19845,0.106848,0.0284975,0.382769
HEAVE,-0.353842,-0.0993542,0.106979,0.0363457,0.379739
HEAVE,-0.355881,0.198542,-0.076517,0.0250594,0.374779
HEAVE,-0.350782,-0.494005,-0.0758538,0.0149681,0.369934
HEAVE,-0.35996,0.888286,0.0420788,0.0176791,0.366446
HEAVE,-0.365058,0.492232,0.532879,0.0691991,0.368198
HEAVE,-0.354861,-0.969138,0.257456,0.0880248,0.367044
HEAVE,-0.356901,0.198542,-0.456874,0.0335349,0.35855
HEAVE,-0.350782,-0.593959,-0.38573,-0.0083916,0.350956
HEAVE,-0.355881,0.49699,-0.0658046,-0.0141329,0.346746
HEAVE,-0.356901,0.0993542,0.212482,0.00852859,0.345403
HEAVE,-0.353842,-0.294681,0.128758,0.0205515,0.253377
HEAVE,-0.35996,0.595862,-0.00546572,0.0179498,0.0655322
HEAVE,-0.363019,0.297814,0.327887,0.0489435,-0.00993994
HEAVE,-0.364039,0.0992919,0.379023,0.0819514,0.027825
HEAVE,-0.361999,-0.197689,0.0312147,0.0768777,0.0425277
HEAVE,-0.35894,-0.29771,-0.238987,0.0452912,0.0328662
HEAVE,-0.356901,-0.198005,-0.295666,0.0111955,0.0286142
HEAVE,-0.346704,-0.988056,-0.45159,-0.0350831,0.0279673
HEAVE,-0.356901,0.98984,-0.296139,-0.0611887,0.0263999
HEAVE,-0.368118,1.0883,0.686746,0.0136048,0.0317455
HEAVE,-0.369137,0.0991056,1.00734,0.112979,0.039552
HEAVE,-0.368118,-0.0989222,0.22998,0.124679,0.0397846
HEAVE,-0.366078,-0.198602,-0.260001,0.0862108,0.0361134
HEAVE,-0.364039,-0.198436,-0.242921,0.0532977,0.0328716
HEAVE,-0.363019,-0.0993634,-0.158898,0.0320781,0.0311741
HEAVE,-0.364039,0.0994397,-0.0455103,0.0243193,0.0323104
HEAVE,-0.361999,-0.197361,-0.00138558,0.0217488,0.0340573
HEAVE,-0.36098,-0.0992228,-0.107743,0.00879958,0.0332855
HEAVE,-0.368118,0.69506,0.0878926,0.0167089,0.0315361
HEAVE,-0.370157,0.198579,0.454778,0.0605158,0.0311043
HEAVE,-0.365058,-0.494828,0.159896,0.0704538,0.030567
HEAVE,-0.35894,-0.594014,-0.48377,0.0150314,0.0295051
HEAVE,-0.370157,1.0934,-0.200103,-0.006482,0.0301931
HEAVE,-0.368118,-0.196961,0.491893,0.0433555,0.0359147
HEAVE,-0.366078,-0.198842,0.18099,0.057119,0.0407567
HEAVE,-0.371177,0.497881,-0.112775,0.0401296,0.0380454
HEAVE,-0.365058,-0.594014,0.0283673,0.0389534,0.0331556
HEAVE,-0.369137,0.396431,-0.0666752,0.0283905,0.0304482
HEAVE,-0.378315,0.889888,0.314034,0.0569549,0.032768
HEAVE,-0.370157,-0.793948,0.416324,0.0928918,0.0352801
HEAVE,-0.373216,0.297,-0.171363,0.0664664,0.0346171
HEAVE,-0.370157,-0.296061,-0.216747,0.038145,0.0365527
HEAVE,-0.363019,-0.694318,-0.260405,0.00829003,0.0340852
HEAVE,-0.371177,0.791469,-0.224433,-0.0149823,0.0296883
HEAVE,-0.382394,1.09193,0.624824,0.0489984,0.0341714
HEAVE,-0.370157,-1.1883,0.561965,0.100295,0.0384283
HEAVE,-0.375256,0.4957,-0.338348,0.0564307,0.0353589
HEAVE,-0.369137,-0.596181,-0.328762,0.0179114,0.0334747
HEAVE,-0.372196,0.296842,-0.0590354,0.0102167,0.0351559
HEAVE,-0.376275,0.397241,0.172056,0.0264007,0.0369222
HEAVE,-0.372196,-0.395177,0.214043,0.0451649,0.035767
HEAVE,-0.371177,-0.0992274,-0.173745,0.0232739,0.0302493
HEAVE,-0.376275,0.495953,-0.0653509,0.0144114,0.0284208
HEAVE,-0.382394,0.594014,0.465292,0.0594995,0.0351748
HEAVE,-0.368118,-1.37939,0.100435,0.0635931,0.0404435
HEAVE,-0.373216,0.495746,-0.568742,0.0003596,0.0358391
HEAVE,-0.372196,-0.0989428,-0.159841,-0.0156605,0.0303094
HEAVE,-0.375256,0.297973,0.272149,0.0131205,0.0281988
HEAVE,-0.372196,-0.296671,0.0861156,0.02042,0.0262505
HEAVE,-0.377295,0.496471,0.012192,0.0195972,0.0286525
HEAVE,-0.383413,0.593465,0.362997,0.0539372,0.0371186
HEAVE,-0.378315,-0.496287,0.345626,0.0831061,0.0422182
HEAVE,-0.377295,-0.0990551,-0.208225,0.053973,0.0390158
HEAVE,-0.374236,-0.297772,-0.349943,0.0135814,0.034649
HEAVE,-0.376275,0.198427,-0.109593,0.00126389,0.0317131
HEAVE,-0.375256,-0.0988787,0.0601261,0.00715011,0.0316002
HEAVE,-0.376275,0.0992574,0.0480811,0.0112432,0.0338535
HEAVE,-0.381374,0.493823,0.163511,0.0264699,0.0347417
HEAVE,-0.376275,-0.496437,0.164702,0.0402931,0.0343462
HEAVE,-0.379334,0.297207,-0.0871883,0.027545,0.0347673
HEAVE,-0.378315,-0.0993081,-0.0286604,0.0219244,0.0357155
HEAVE,-0.383413,0.495597,0.18901,0.038633,0.034794
HEAVE,-0.355881,-2.63904,-0.506842,-0.0159145,0.0280718
HEAVE,-0.381374,2.4808,-0.706631,-0.0849861,0.0203226
HEAVE,-0.383413,0.190678,0.823155,0.00582801,0.0267966
HEAVE,-0.384433,0.0992021,0.988707,0.104116,0.0385305
HEAVE,-0.378315,-0.595075,-0.201629,0.0735414,0.038842
HEAVE,-0.379334,0.0980401,-0.460542,0.0201331,0.0336288
HEAVE,-0.386472,0.69427,0.121098,0.0302296,0.0326964
HEAVE,-0.403808,1.68394,1.00773,0.12798,0.0408425
HEAVE,-0.384433,-1.88235,0.6177,0.176952,0.0476767
HEAVE,-0.382394,-0.195699,-0.839776,0.075279,0.0416441
HEAVE,-0.377295,-0.495988,-0.917314,-0.0239803,0.0314988
HEAVE,-0.382394,0.495861,-0.0584956,-0.0274318,0.0290812
HEAVE,-0.379334,-0.296657,0.215766,-0.00311211,0.0325873
HEAVE,-0.378315,-0.0992067,-0.0475632,-0.00755722,0.0309866
HEAVE,-0.381374,0.29733,-0.0949556,-0.0162971,0.0280722
HEAVE,-0.379334,-0.198087,0.0952663,-0.00514072,0.0283501
HEAVE,-0.385453,0.595116,0.161663,0.0115396,0.029142
HEAVE,-0.382394,-0.296629,0.187372,0.0291229,0.0325838
HEAVE,-0.380354,-0.198653,-0.0853925,0.0176714,0.0321637
HEAVE,-0.387492,0.694383,-0.0320308,0.0127011,0.0289621
HEAVE,-0.385453,-0.19608,0.305821,0.0420131,0.0296318
HEAVE,-0.384433,-0.0991676,0.064975,0.0443093,0.0313797
HEAVE,-0.391571,0.693723,0.0351777,0.0433961,0.0359362
HEAVE,-0.389532,-0.198579,0.308033,0.0698598,0.0391215
HEAVE,-0.387492,-0.198496,0.0226872,0.0651425,0.0342665
HEAVE,-0.384433,-0.297558,-0.314481,0.0271802,0.0305044
HEAVE,-0.385453,0.0985007,-0.2075,0.00371214,0.0313018
HEAVE,-0.387492,0.196947,0.0822133,0.0115623,0.0310555
HEAVE,-0.388512,0.0987669,0.208775,0.0312835,0.0320734
HEAVE,-0.390551,0.198234,0.159501,0.0441053,0.0344336
HEAVE,-0.386472,-0.395077,-0.00649779,0.039045,0.0351272
HEAVE,-0.389532,0.297758,-0.113541,0.0237864,0.033571
HEAVE,-0.391571,0.196598,0.117412,0.033149,0.0294163
HEAVE,-0.386472,-0.496206,0.0765331,0.0374874,0.0276071
HEAVE,-0.385453,-0.0992896,-0.28234,0.00550471,0.0293524
HEAVE,-0.387492,0.197506,-0.158795,-0.0109253,0.0316218
HEAVE,-0.385453,-0.198616,0.0769062,-0.00214214,0.0330489
HEAVE,-0.391571,0.593986,0.14274,0.0123461,0.0323515
HEAVE,-0.388512,-0.296595,0.189717,0.0300832,0.0329611
HEAVE,-0.39361,0.496229,0.121084,0.0391833,0.0342266
HEAVE,-0.392591,-0.0994027,0.142146,0.0494795,0.0323691
HEAVE,-0.390551,-0.198722,0.00812727,0.0453443,0.0286602
HEAVE,-0.39361,0.296719,-0.0830188,0.032508,0.0275179
HEAVE,-0.392591,-0.0992827,0.0851405,0.0377712,0.0307591
HEAVE,-0.390551,-0.198367,-0.0151041,0.0324837,0.0335648
HEAVE,-0.39361,0.297496,-0.0727633,0.021959,0.037353
HEAVE,-0.39463,0.0992458,0.147839,0.034547,0.0417928
HEAVE,-0.39565,0.0975994,0.186358,0.0497281,0.0367889
HEAVE,-0.39667,0.0993888,0.0899824,0.0537535,0.0276153
HEAVE,-0.39463,-0.197452,-0.00301124,0.048077,0.0252854
HEAVE,-0.397689,0.294384,-0.0157764,0.0416917,0.0277276
HEAVE,-0.39463,-0.29733,0.0280461,0.0403271,0.0304373
HEAVE,-0.39565,0.0983083,-0.0564511,0.0306493,0.0314618
HEAVE,-0.412985,1.6882,0.460178,0.0736022,0.0365187
HEAVE,-0.397689,-1.48356,0.592919,0.125534,0.0424617
HEAVE,-0.39361,-0.397094,-0.569911,0.0559894,0.03784
HEAVE,-0.39667,0.294728,-0.682621,-0.0178717,0.0301349
HEAVE,-0.406867,0.992182,0.44479,0.0283945,0.030035
HEAVE,-0.400748,-0.594702,0.610547,0.0866097,0.0345415
HEAVE,-0.397689,-0.29585,-0.220773,0.0558715,0.0371715
HEAVE,-0.404827,0.696062,-0.248424,0.0254419,0.0366883
HEAVE,-0.402788,-0.197165,0.301254,0.0530231,0.0347819
HEAVE,-0.391571,-1.09122,-0.18861,0.0288598,0.0310859
HEAVE,-0.401768,0.98236,-0.46098,-0.0201242,0.0276038
HEAVE,-0.397689,-0.396772,0.172013,-0.000910525,0.0290403
HEAVE,-0.400748,0.297138,0.221467,0.0213272,0.0319217
HEAVE,-0.401768,0.0982721,0.0571109,0.0249056,0.0293525
HEAVE,-0.400748,-0.0991056,0.077562,0.0301712,0.0259648
HEAVE,-0.399729,-0.0992551,-0.0681491,0.0203392,0.026997
HEAVE,-0.400748,0.0989405,-0.0715075,0.0111545,0.0284494
HEAVE,-0.401768,0.0990826,0.0696086,0.017,0.0317495
HEAVE,-0.403808,0.198685,0.157497,0.0310496,0.0355688
HEAVE,-0.404827,0.0976818,0.162081,0.0441528,0.0309414
HEAVE,-0.411965,0.695043,0.291974,0.0689349,0.0282415
HEAVE,-0.405847,-0.593506,0.234119,0.0854534,0.0339662
HEAVE,-0.402788,-0.297855,-0.281464,0.0487616,0.0344391
HEAVE,-0.399729,-0.294384,-0.474749,-0.00358949,0.030282
HEAVE,-0.406867,0.693546,-0.00824187,-0.00405473,0.028479
HEAVE,-0.409926,0.297055,0.488567,0.0452074,0.0312243
HEAVE,-0.405847,-0.395872,0.262629,0.0669495,0.035588
HEAVE,-0.416044,0.99285,0.0620566,0.0664603,0.0368621
HEAVE,-0.410946,-0.494382,0.27579,0.0873932,0.034967
HEAVE,-0.411965,0.0993427,0.0196436,0.0806182,0.0341591
HEAVE,-0.403808,-0.791323,-0.365739,0.0359825,0.0361892
HEAVE,-0.410946,0.693675,-0.234663,0.00891798,0.0354409
HEAVE,-0.414005,0.296485,0.324205,0.0404467,0.0359615
HEAVE,-0.405847,-0.793231,0.184806,0.0548826,0.0369484
HEAVE,-0.420123,1.38565,-0.027625,0.0466318,0.0365502
HEAVE,-0.408906,-1.09102,0.228104,0.0647791,0.0352013
HEAVE,-0.409926,0.0980738,-0.199804,0.0383207,0.029747
HEAVE,-0.405847,-0.396808,-0.417502,-0.0072615,0.0276542
HEAVE,-0.404827,-0.098968,-0.198426,-0.0263779,0.0291694
HEAVE,-0.409926,0.495815,0.042685,-0.0194716,0.0306922
HEAVE,-0.411965,0.197643,0.353422,0.0178177,0.0336251
HEAVE,-0.409926,-0.197447,0.195853,0.0356212,0.0351029
HEAVE,-0.412985,0.296821,-0.0314982,0.0289093,0.0331528
HEAVE,-0.405847,-0.691608,-0.120147,0.0140037,0.0303043
HEAVE,-0.409926,0.395542,-0.196952,-0.00709187,0.0292067
HEAVE,-0.412985,0.296027,0.136471,0.00726437,0.030858
HEAVE,-0.408906,-0.396606,0.206914,0.0272293,0.031037
HEAVE,-0.411965,0.296815,-0.0821154,0.0162949,0.0352843
HEAVE,-0.415024,0.294188,0.108365,0.0255019,0.0434342
HEAVE,-0.412985,-0.197858,0.215422,0.0444939,0.0373569
HEAVE,-0.414005,0.0989932,-0.0193431,0.0381102,0.0272764
HEAVE,-0.410946,-0.297696,-0.124137,0.0218855,0.0280513
HEAVE,-0.418084,0.690778,0.0602559,0.0257225,0.0332593
HEAVE,-0.421143,0.297344,0.425878,0.0657381,0.0363071
HEAVE,-0.412985,-0.790811,0.134548,0.072619,0.0275753
HEAVE,-0.407886,-0.494417,-0.5941,0.00594712,0.0154573
HEAVE,-0.417064,0.892384,-0.282983,-0.0229459,0.0210252
HEAVE,-0.416044,-0.0990253,0.450928,0.0244415,0.0347076
HEAVE,-0.418084,0.198685,0.310149,0.0530122,0.0383941
HEAVE,-0.414005,-0.397122,-0.106333,0.0370777,0.0351731
HEAVE,-0.415024,0.0992505,-0.19861,0.013509,0.0336626
HEAVE,-0.414005,-0.0980828,-0.0686563,0.00529244,0.0339256
HEAVE,-0.397689,-1.58841,-0.459561,-0.0411929,0.0283773
HEAVE,-0.418084,1.98349,-0.366487,-0.0737223,0.0230958
HEAVE,-0.423182,0.494234,0.920359,0.0256858,0.0304257
HEAVE,-0.417064,-0.596084,0.758827,0.0989999,0.0388679
HEAVE,-0.414005,-0.294925,-0.448796,0.0442203,0.0347002
HEAVE,-0.418084,0.396551,-0.361469,0.0036514,0.0280273
HEAVE,-0.412985,-0.494131,0.0782192,0.0111082,0.0281598
HEAVE,-0.418084,0.496103,0.03404,0.0134014,0.0281484
HEAVE,-0.414005,-0.396119,0.0164377,0.013705,0.0252324
HEAVE,-0.423182,0.893233,0.169054,0.0292399,0.0266961
HEAVE,-0.419103,-0.395909,0.288461,0.055162,0.0327255
HEAVE,-0.416044,-0.298222,-0.0866641,0.0409794,0.0339339
HEAVE,-0.421143,0.490943,-0.196382,0.0172433,0.0311479
HEAVE,-0.415024,-0.596042,0.0405412,0.0195731,0.0294656
HEAVE,-0.424202,0.888327,0.0885372,0.0264695,0.028756
HEAVE,-0.427261,0.297586,0.426023,0.0664248,0.0330812
HEAVE,-0.423182,-0.395725,0.303424,0.0901247,0.0372508
HEAVE,-0.420123,-0.29751,-0.304928,0.0506195,0.0330274
HEAVE,-0.429301,0.88995,-0.0816056,0.037397,0.031446
HEAVE,-0.419103,-0.985484,0.197889,0.0534462,0.0362483
HEAVE,-0.422163,0.293367,-0.216705,0.0264311,0.0356692
HEAVE,-0.424202,0.19742,-0.0929387,0.0144941,0.0339708
HEAVE,-0.422163,-0.197867,0.180823,0.031127,0.0343516
HEAVE,-0.424202,0.198648,0.0160503,0.0296193,0.0326149
HEAVE,-0.427261,0.296938,0.114354,0.0380928,0.0325476
HEAVE,-0.423182,-0.396808,0.113155,0.045599,0.0322577
HEAVE,-0.426241,0.296773,-0.078183,0.0332208,0.0313946
HEAVE,-0.433379,0.694931,0.241758,0.0540745,0.0346424
HEAVE,-0.423182,-0.98865,0.217867,0.0704538,0.0359697
HEAVE,-0.425222,0.198487,-0.358979,0.0275106,0.0325309
HEAVE,-0.43236,0.6914,-0.00818585,0.0239409,0.0331767
HEAVE,-0.421143,-1.09009,0.205496,0.0420964,0.0337533
HEAVE,-0.429301,0.790847,-0.203025,0.0175843,0.0298594
HEAVE,-0.43032,0.0990941,0.137751,0.029601,0.0303371
HEAVE,-0.43236,0.197904,0.382517,0.0648925,0.0341924
HEAVE,-0.429301,-0.297496,0.034178,0.0618211,0.0346919
HEAVE,-0.426241,-0.297503,-0.269111,0.0287278,0.0317204
HEAVE,-0.43236,0.594454,-0.093168,0.0165383,0.0313532
HEAVE,-0.43134,-0.0992159,0.278233,0.0427078,0.0295338
HEAVE,-0.429301,-0.198193,0.0739385,0.0458309,0.0243439
HEAVE,-0.426241,-0.297724,-0.280132,0.0132346,0.0272417
HEAVE,-0.425222,-0.098865,-0.274116,-0.0155005,0.0313268
HEAVE,-0.43032,0.494725,0.0478702,-0.00916343,0.0273576
HEAVE,-0.429301,-0.0991354,0.278876,0.0196405,0.0240409
HEAVE,-0.43134,0.198482,0.136756,0.0313521,0.0276162
HEAVE,-0.429301,-0.197863,-0.0185865,0.0263582,0.0299145
HEAVE,-0.433379,0.396074,0.0347661,0.027199,0.0272497
HEAVE,-0.43134,-0.19697,0.119568,0.0364359,0.0303315
HEAVE,-0.434399,0.297917,0.081921,0.0409844,0.0357605
HEAVE,-0.428281,-0.594372,-0.0777897,0.029107,0.0332624
HEAVE,-0.43134,0.296918,-0.188024,0.00739392,0.0291675
HEAVE,-0.433379,0.198317,0.0712845,0.013783,0.0293093
HEAVE,-0.43134,-0.196436,0.177884,0.0301931,0.0303125
HEAVE,-0.434399,0.296821,0.0177193,0.0289457,0.0311712
HEAVE,-0.43236,-0.197575,0.0279414,0.0288453,0.0321657
HEAVE,-0.428281,-0.395488,-0.147686,0.0111922,0.0299927
HEAVE,-0.437458,0.89286,-0.0328246,0.00679053,0.0280895
HEAVE,-0.436439,-0.0988102,0.403622,0.0464737,0.0305049
HEAVE,-0.434399,-0.198501,0.151135,0.0569398,0.0290965
HEAVE,-0.438478,0.395533,-0.0986531,0.0413805,0.0257688
HEAVE,-0.433379,-0.493584,0.00305128,0.0375476,0.028614
HEAVE,-0.436439,0.297973,-0.0690833,0.0268845,0.0326706
HEAVE,-0.439498,0.296911,0.116428,0.0358388,0.0339173
HEAVE,-0.440517,0.0991216,0.302109,0.0624658,0.0320527
HEAVE,-0.436439,-0.39504,0.00934017,0.0571533,0.0295198
HEAVE,-0.442557,0.595102,-0.0799332,0.0434446,0.0280999
HEAVE,-0.441537,-0.0988102,0.202367,0.0593368,0.0273657
HEAVE,-0.43134,-0.989703,-0.159748,0.0374284,0.0255718
HEAVE,-0.442557,1.09613,-0.3224,0.00144556,0.0260052
HEAVE,-0.438478,-0.394039,0.264244,0.0277254,0.0309943
HEAVE,-0.440517,0.198731,0.203781,0.045331,0.02979
HEAVE,-0.441537,0.0981819,-0.0155951,0.0392384,0.027786
HEAVE,-0.443577,0.198064,0.138765,0.0491911,0.0294499
HEAVE,-0.441537,-0.198266,0.0893916,0.0532111,0.0280628
HEAVE,-0.444596,0.296794,0.00498227,0.0483882,0.0301107
HEAVE,-0.441537,-0.297021,0.0134498,0.0448944,0.0344202
HEAVE,-0.438478,-0.297213,-0.17498,0.022907,0.0346546
HEAVE,-0.444596,0.585877,-0.0918137,0.0114349,0.0333097
HEAVE,-0.441537,-0.2978,0.198969,0.0301883,0.0317651
HEAVE,-0.440517,-0.0990849,-0.0161115,0.0255583,0.0296455
HEAVE,-0.434399,-0.595075,-0.353732,-0.0123707,0.0264231
HEAVE,-0.441537,0.688016,-0.173338,-0.0284674,0.0258912
HEAVE,-0.440517,-0.0982744,0.260682,0.000447513,0.0304676
HEAVE,-0.445616,0.494931,0.31868,0.0322708,0.0322897
HEAVE,-0.437458,-0.793709,-0.016075,0.0274362,0.0300598
HEAVE,-0.445616,0.79061,-0.143123,0.0103802,0.0294497
HEAVE,-0.451734,0.594633,0.407605,0.0501027,0.0324421
HEAVE,-0.445616,-0.595655,0.430021,0.0880946,0.0345881
HEAVE,-0.451734,0.592082,-0.0713096,0.0721541,0.0340684
HEAVE,-0.450715,-0.0985802,0.0696941,0.0719081,0.0360067
HEAVE,-0.445616,-0.495919,-0.0173433,0.062983,0.0352307
HEAVE,-0.447655,0.197703,-0.273449,0.0293398,0.0282375
HEAVE,-0.448675,0.0991561,0.00257938,0.0266637,0.0269178
HEAVE,-0.444596,-0.396321,0.0468468,0.028682,0.0333273
HEAVE,-0.440517,-0.395808,-0.31951,-0.00613712,0.032962
HEAVE,-0.455813,1.48534,0.0790731,0.0023839,0.0292434
HEAVE,-0.452754,-0.296746,0.722135,0.074359,0.0333633
HEAVE,-0.454793,0.196843,0.305319,0.097455,0.0374798
HEAVE,-0.453774,-0.0989336,-0.124536,0.0752559,0.0382206
HEAVE,-0.448675,-0.495551,-0.197859,0.0479444,0.0369285
HEAVE,-0.447655,-0.0979391,-0.326595,0.0104904,0.0382582
HEAVE,-0.449695,0.184688,-0.114469,-0.0020055,0.0407784
HEAVE,-0.462951,1.28462,0.511846,0.0493797,0.0366932
HEAVE,-0.448675,-1.38574,0.420406,0.0864823,0.033309
HEAVE,-0.452754,0.395515,-0.407526,0.0370815,0.0337217
HEAVE,-0.455813,0.298035,-0.159062,0.0174672,0.0357458
HEAVE,-0.451734,-0.395844,0.244449,0.0401654,0.0374081
HEAVE,-0.453774,0.198529,-0.0591433,0.0302345,0.0364763
HEAVE,-0.448675,-0.494886,-0.186561,0.00855494,0.0344463
HEAVE,-0.451734,0.297786,-0.134387,-0.0057393,0.0314119
HEAVE,-0.449695,-0.198179,0.00346576,-0.0048188,0.0285619
HEAVE,-0.458872,0.895144,0.256392,0.0213023,0.0319925
HEAVE,-0.449695,-0.883881,0.206854,0.0398574,0.0360248
HEAVE,-0.451734,0.198787,-0.241381,0.0117336,0.0332056
HEAVE,-0.452754,0.0989909,-0.148955,-0.00433528,0.0308307
HEAVE,-0.447655,-0.496783,0.0121369,-0.00268805,0.0266918
HEAVE,-0.455813,0.791817,-0.00453123,-0.00287237,0.0236123
HEAVE,-0.458872,0.296602,0.403146,0.0377295,0.030693
HEAVE,-0.451734,-0.688902,0.204679,0.0544244,0.0335559
HEAVE,-0.454793,0.297296,-0.298814,0.0191006,0.0285888
HEAVE,-0.457853,0.2978,0.0244721,0.0196378,0.0310006
HEAVE,-0.459892,0.197301,0.370621,0.0547361,0.0356362
HEAVE,-0.456833,-0.296925,0.111639,0.0604265,0.0349444
HEAVE,-0.453774,-0.29789,-0.267024,0.0276814,0.0321136
HEAVE,-0.455813,0.197959,-0.222661,0.00264711,0.0287435
HEAVE,-0.458872,0.297613,0.161722,0.0185546,0.0292291
HEAVE,-0.459892,0.0990138,0.299554,0.0466545,0.0330065
HEAVE,-0.460912,0.0991538,0.146463,0.0566354,0.0320536
HEAVE,-0.459892,-0.0993727,0.00656412,0.0516283,0.0299405
HEAVE,-0.456833,-0.297268,-0.141385,0.032327,0.0321165
HEAVE,-0.470089,1.29047,0.173611,0.0464554,0.0339344
HEAVE,-0.458872,-1.09059,0.373733,0.0791831,0.0356168
HEAVE,-0.459892,0.0992412,-0.261632,0.0451016,0.0350307
HEAVE,-0.461931,0.196648,-0.267858,0.0138057,0.0309746
HEAVE,-0.460912,-0.0980289,0.160464,0.0284715,0.0287541
HEAVE,-0.461931,0.0989863,0.075144,0.0331388,0.0291638
HEAVE,-0.457853,-0.394912,-0.113943,0.0184306,0.0307155
HEAVE,-0.461931,0.395982,-0.0992651,0.00666105,0.0306545
HEAVE,-0.463971,0.198,0.193855,0.0253805,0.0298107
HEAVE,-0.460912,-0.294979,0.162616,0.0391041,0.0306975
HEAVE,-0.457853,-0.298035,-0.235381,0.0116555,0.031145
HEAVE,-0.46805,0.993704,0.00215628,0.0107056,0.0339077
HEAVE,-0.460912,-0.693498,0.332105,0.0428456,0.0367501
HEAVE,-0.462951,0.198773,-0.057347,0.0328263,0.0333878
HEAVE,-0.460912,-0.198211,-0.201751,0.00936862,0.0300028
HEAVE,-0.463971,0.294444,0.0381958,0.0122513,0.0305706
HEAVE,-0.460912,-0.297758,0.0618468,0.0172109,0.0308414
HEAVE,-0.461931,0.0988262,-0.0657964,0.00891016,0.0289878
HEAVE,-0.460912,-0.0989726,-0.0689281,0.00112633,0.0274793
HEAVE,-0.46601,0.492924,0.126644,0.0136781,0.0295236
HEAVE,-0.456833,-0.892612,0.0101507,0.0133253,0.0315054
HEAVE,-0.461931,0.477429,-0.260423,-0.0140495,0.0281883
HEAVE,-0.46703,0.495838,0.161727,0.00352813,0.0280267
HEAVE,-0.470089,0.297751,0.562233,0.0593986,0.0334718
HEAVE,-0.462951,-0.693723,0.0887071,0.0623295,0.0340795
HEAVE,-0.461931,-0.099163,-0.444735,0.011623,0.031109
HEAVE,-0.46601,0.394257,-0.161035,-0.00564281,0.0298269
HEAVE,-0.46805,0.197065,0.335979,0.0285193,0.0291505
HEAVE,-0.469069,0.0978047,0.287217,0.0543891,0.0305113
HEAVE,-0.463971,-0.492958,-0.0870436,0.0402458,0.0306274
HEAVE,-0.464991,0.0989108,-0.280465,0.00817469,0.0277922
HEAVE,-0.461931,-0.29502,-0.157923,-0.00843505,0.0269038
HEAVE,-0.46703,0.497673,0.0500576,-0.00258579,0.0262401
HEAVE,-0.469069,0.19851,0.290386,0.0267114,0.0261229
HEAVE,-0.46703,-0.197552,0.195608,0.0436011,0.0279856
HEAVE,-0.471109,0.396744,0.00878263,0.0401193,0.0288727
HEAVE,-0.472129,0.0979077,0.169659,0.0530733,0.0285457
HEAVE,-0.473148,0.0992482,0.201131,0.067879,0.0321544
HEAVE,-0.472129,-0.098968,0.0287099,0.0639621,0.0356655
HEAVE,-0.473148,0.0988742,-0.0344688,0.054119,0.0326784
HEAVE,-0.469069,-0.397398,-0.0923966,0.0394675,0.0297166
HEAVE,-0.474168,0.496771,-0.0524173,0.030279,0.0293484
HEAVE,-0.46703,-0.690985,-0.0119206,0.026059,0.0278415
HEAVE,-0.46805,0.0991102,-0.221257,0.00132741,0.0247351
HEAVE,-0.476207,0.791524,0.0895562,0.0101503,0.0255808
HEAVE,-0.485385,0.89284,0.792225,0.0883577,0.0333685
HEAVE,-0.474168,-1.08882,0.420592,0.121581,0.0393243
HEAVE,-0.475188,0.099023,-0.483313,0.0610917,0.0354093
HEAVE,-0.478247,0.296821,-0.24617,0.0303656,0.0309579
HEAVE,-0.470089,-0.791103,0.0541254,0.0327416,0.0316603
HEAVE,-0.471109,0.0992528,-0.305178,-0.00105035,0.0321458
HEAVE,-0.472129,0.0990298,-0.153862,-0.0163315,0.0323406
HEAVE,-0.487424,1.48807,0.575341,0.0428357,0.0354871
HEAVE,-0.477227,-0.986029,0.638341,0.102386,0.0386837
HEAVE,-0.472129,-0.491801,-0.384576,0.05369,0.0349987
HEAVE,-0.477227,0.49476,-0.541576,-0.0058366,0.0310142
HEAVE,-0.481306,0.396496,0.327937,0.0275407,0.0302175
HEAVE,-0.477227,-0.3975,0.353724,0.0601591,0.0294546
HEAVE,-0.476207,-0.0989428,-0.201997,0.0339435,0.0281477
HEAVE,-0.474168,-0.19857,-0.293274,0.00122171,0.024518
HEAVE,-0.478247,0.349821,-0.00816975,0.00028256,0.0246097
HEAVE,-0.474168,-0.396799,0.0808821,0.00834251,0.0281531
HEAVE,-0.485385,1.08991,0.190662,0.0265744,0.0300339
HEAVE,-0.473148,-1.18932,0.160017,0.0399187,0.0311656
HEAVE,-0.480286,0.694898,-0.206668,0.01526,0.032294
HEAVE,-0.476207,-0.392664,-0.083761,0.00535794,0.0306657
HEAVE,-0.478247,0.19863,0.0671666,0.0115388,0.024116
HEAVE,-0.480286,0.197497,0.0735725,0.0177422,0.0217985
HEAVE,-0.475188,-0.49531,0.0172686,0.0176948,0.0232166
HEAVE,-0.482326,0.693097,-0.0419271,0.0117326,0.0247759
HEAVE,-0.483345,0.0992297,0.287051,0.0392645,0.0309123
HEAVE,-0.480286,-0.296821,0.181401,0.0534782,0.033871
HEAVE,-0.478247,-0.198547,-0.252247,0.0229056,0.0262301
HEAVE,-0.479267,0.0984304,-0.205561,5.89424e-05,0.0199704
HEAVE,-0.484365,0.49593,0.188067,0.0188598,0.0259264
HEAVE,-0.478247,-0.586024,0.182989,0.0352727,0.0293469
HEAVE,-0.481306,0.296465,-0.143486,0.0173968,0.0254675
HEAVE,-0.478247,-0.297945,-0.116658,0.00399134,0.0248924
HEAVE,-0.480286,0.198533,-0.0049236,0.00309985,0.0267088
HEAVE,-0.485385,0.496425,0.194466,0.0222365,0.0299973
HEAVE,-0.481306,-0.394639,0.234221,0.0434349,0.0323048
HEAVE,-0.487424,0.593849,0.0547858,0.04457,0.0302888
HEAVE,-0.486405,-0.0990184,0.163089,0.0564219,0.0298511
HEAVE,-0.490483,0.397278,0.222902,0.0730699,0.034494
HEAVE,-0.485385,-0.500691,0.0290795,0.0686709,0.0362743
HEAVE,-0.486405,0.099375,-0.186101,0.0431937,0.0342919
HEAVE,-0.490483,0.396624,0.0227426,0.0411486,0.0345647
HEAVE,-0.496602,0.593561,0.467264,0.0837601,0.0352058
HEAVE,-0.489464,-0.610464,0.281182,0.103502,0.0359709
HEAVE,-0.488444,-0.0990253,-0.292973,0.0638548,0.0360293
HEAVE,-0.485385,-0.296938,-0.372064,0.0202629,0.0320639
HEAVE,-0.487424,0.197662,-0.0947739,0.00875923,0.02741
HEAVE,-0.485385,-0.198902,0.0344205,0.0113254,0.0266378
HEAVE,-0.499661,1.38337,0.36285,0.0464778,0.0329365
HEAVE,-0.486405,-1.29071,0.368182,0.0786482,0.0388449
HEAVE,-0.484365,-0.194941,-0.470301,0.0237533,0.0325247
HEAVE,-0.486405,0.198161,-0.497417,-0.0283637,0.024555
HEAVE,-0.488444,0.197858,0.197667,-0.00576064,0.025067
HEAVE,-0.486405,-0.198225,0.201271,0.0149425,0.0270141
HEAVE,-0.490483,0.395579,0.0237711,0.0158253,0.0286657
HEAVE,-0.489464,-0.0991653,0.110083,0.0252511,0.0280304
HEAVE,-0.494562,0.496022,0.198987,0.0426247,0.0262829
HEAVE,-0.482326,-1.17103,-0.10037,0.0283252,0.0278956
HEAVE,-0.491503,0.892819,-0.313365,-0.00584383,0.0274405
HEAVE,-0.490483,-0.099062,0.168237,0.0115642,0.0275182
HEAVE,-0.493543,0.296492,0.344118,0.0448196,0.0302079
HEAVE,-0.496602,0.297482,0.202934,0.0606311,0.0333767
HEAVE,-0.493543,-0.296506,0.115201,0.0660881,0.0355214
HEAVE,-0.494562,0.0990941,-0.0923712,0.0502422,0.0326591
HEAVE,-0.492523,-0.198069,-0.106589,0.0345591,0.0299671
HEAVE,-0.491503,-0.0992159,-0.100214,0.0210818,0.0313187
HEAVE,-0.490483,-0.0994281,-0.126968,0.00627684,0.0300275
HEAVE,-0.5017,1.08855,0.248741,0.0305232,0.0291939
HEAVE,-0.495582,-0.589484,0.457699,0.0732408,0.0343443
HEAVE,-0.496602,0.0989222,-0.0402052,0.0618962,0.0359598
HEAVE,-0.493543,-0.297524,-0.280426,0.027664,0.0327735
HEAVE,-0.498641,0.495092,0.0065985,0.0255574,0.0322211
HEAVE,-0.493543,-0.496298,0.105651,0.0335668,0.0339355
HEAVE,-0.497622,0.391398,-0.0322126,0.0269888,0.0343027
HEAVE,-0.500681,0.297738,0.152995,0.0395894,0.0345662
HEAVE,-0.50272,0.197529,0.352454,0.0708759,0.0379892
HEAVE,-0.498641,-0.396937,0.0603994,0.0698282,0.0411975
HEAVE,-0.497622,-0.0993334,-0.26427,0.0364184,0.0369375
HEAVE,-0.493543,-0.392268,-0.299727,0.00280393,0.0283179
HEAVE,-0.494562,0.0993127,-0.184445,-0.015921,0.0255864
HEAVE,-0.490483,-0.396477,-0.121406,-0.0264695,0.0288197
HEAVE,-0.495582,0.494657,-0.0266258,-0.0264851,0.0301638
HEAVE,-0.496602,0.0991883,0.223541,-0.00148253,0.0290394
HEAVE,-0.5017,0.494462,0.352401,0.0339059,0.0296912
HEAVE,-0.498641,-0.296973,0.193364,0.0498517,0.0324953
HEAVE,-0.497622,-0.0993888,-0.11874,0.0329925,0.0341126
HEAVE,-0.495582,-0.198436,-0.236526,0.0060407,0.0333265
HEAVE,-0.497622,0.198285,-0.0668996,-0.00125333,0.032157
HEAVE,-0.50374,0.595572,0.273084,0.0261804,0.0319839
HEAVE,-0.498641,-0.493846,0.27381,0.0509433,0.0327659
HEAVE,-0.500681,0.198478,-0.103594,0.0354896,0.0316422
HEAVE,-0.494562,-0.589755,-0.248125,0.0071282,0.0274643
HEAVE,-0.497622,0.296842,-0.182626,-0.0118472,0.0236268
HEAVE,-0.500681,0.297468,0.130873,0.00242479,0.0246484
HEAVE,-0.5017,0.0991515,0.321602,0.0343425,0.0282091
HEAVE,-0.497622,-0.396772,0.0065344,0.0315617,0.0291984
HEAVE,-0.50476,0.694254,-0.0552422,0.0228813,0.0291702
HEAVE,-0.507819,0.295393,0.375893,0.0581825,0.0330483
HEAVE,-0.5017,-0.596541,0.211152,0.0734794,0.0373724
HEAVE,-0.497622,-0.395314,-0.443256,0.0218059,0.0320443
HEAVE,-0.511898,1.39064,-0.0352278,0.0161025,0.0237698
HEAVE,-0.495582,-1.5632,0.31708,0.0462002,0.0227346
HEAVE,-0.498641,0.297903,-0.415116,6.85691e-05,0.0234166
HEAVE,-0.5017,0.297365,-0.250683,-0.0250066,0.0233715
HEAVE,-0.50374,0.198584,0.390883,0.0165824,0.026739
HEAVE,-0.50272,-0.099262,0.21739,0.0366632,0.0319647
HEAVE,-0.514957,1.16455,0.274034,0.0604002,0.0362437
HEAVE,-0.50476,-0.98776,0.326504,0.0870106,0.0337553
HEAVE,-0.50374,-0.0990069,-0.31358,0.0469516,0.0242361
HEAVE,-0.499661,-0.397094,-0.519683,-0.0097119,0.022885
HEAVE,-0.506799,0.691735,-0.00518504,-0.00925921,0.0282489
HEAVE,-0.505779,-0.099435,0.348997,0.0265664,0.0284596
HEAVE,-0.50272,-0.298146,0.0579256,0.0297023,0.0255016
HEAVE,-0.508838,0.594785,-0.0894709,0.017785,0.0266268
HEAVE,-0.506799,-0.198014,0.193165,0.035323,0.0314912
HEAVE,-0.505779,-0.0991768,0.0445256,0.0362433,0.0320182
HEAVE,-0.509858,0.396551,-0.0331023,0.0293087,0.0308783
HEAVE,-0.508838,-0.0993311,0.166521,0.0430299,0.0306369
HEAVE,-0.498641,-0.990344,-0.226438,0.0160832,0.0267724
HEAVE,-0.508838,0.993334,-0.346885,-0.0202137,0.0253702
HEAVE,-0.506799,-0.19881,0.272468,0.00905453,0.0289325
HEAVE,-0.523114,1.58551,0.698446,0.0779937,0.0352453
HEAVE,-0.505779,-1.68647,0.329836,0.103178,0.0378079
HEAVE,-0.512917,0.69276,-0.440531,0.048807,0.0332299
HEAVE,-0.508838,-0.39702,-0.26106,0.0178202,0.0310386
HEAVE,-0.506799,-0.198005,-0.0120486,0.0148334,0.0280476
HEAVE,-0.508838,0.198377,-0.129371,0.000412947,0.0249399
HEAVE,-0.512917,0.395469,0.176121,0.0179838,0.0292236
HEAVE,-0.510878,-0.1984,0.253874,0.0415728,0.0338179
HEAVE,-0.507819,-0.296424,-0.117446,0.0256709,0.0307628
HEAVE,-0.508838,0.0992482,-0.246271,-0.00152325,0.0264702
HEAVE,-0.505779,-0.296451,-0.0953589,-0.0109068,0.0269514
HEAVE,-0.507819,0.198524,-0.0441756,-0.0142337,0.0276763
HEAVE,-0.512917,0.491654,0.189845,0.00617419,0.029624
HEAVE,-0.505779,-0.694173,0.150424,0.0205991,0.0291835
HEAVE,-0.511898,0.596971,-0.120378,0.00650143,0.0256375
HEAVE,-0.518016,0.589958,0.293374,0.0351887,0.0280234
HEAVE,-0.508838,-0.890794,0.280209,0.0596908,0.0291946
HEAVE,-0.511898,0.297317,-0.312311,0.0224906,0.0238425
HEAVE,-0.514957,0.296568,-0.0479777,0.0154437,0.0230719
HEAVE,-0.512917,-0.199329,0.256045,0.0395039,0.0274934
HEAVE,-0.514957,0.197725,0.0362479,0.0391783,0.0276284
HEAVE,-0.518016,0.29731,0.100583,0.0453187,0.0239616
HEAVE,-0.511898,-0.59367,0.0519723,0.0459841,0.0216695
HEAVE,-0.513937,0.190516,-0.222161,0.0191696,0.0223777
HEAVE,-0.510878,-0.286598,-0.155153,0.00173737,0.0245468
HEAVE,-0.515976,0.496402,0.0714435,0.00870799,0.0262089
HEAVE,-0.510878,-0.493572,0.0889143,0.0167286,0.0267539
HEAVE,-0.514957,0.395936,-0.0400328,0.0110525,0.022725
HEAVE,-0.519036,0.39634,0.188206,0.0287678,0.0209253
HEAVE,-0.513937,-0.480659,0.21424,0.0473151,0.0277707
HEAVE,-0.507819,-0.587796,-0.369966,0.00558697,0.0290452
HEAVE,-0.513937,0.588281,-0.349594,-0.0299311,0.0235726
HEAVE,-0.516996,0.295686,0.322569,0.00531892,0.0247856
HEAVE,-0.518016,0.0986689,0.434442,0.0482312,0.0288923
HEAVE,-0.516996,-0.0990092,0.0600436,0.0494124,0.0283919
HEAVE,-0.515976,-0.0990688,-0.132689,0.0312023,0.0250751
HEAVE,-0.511898,-0.39691,-0.213603,0.0067217,0.0239428
HEAVE,-0.519036,0.687384,-0.037419,0.00230763,0.0267023
HEAVE,-0.515976,-0.29798,0.235808,0.0256577,0.027378
HEAVE,-0.522095,0.595282,0.207567,0.0438486,0.0260125
HEAVE,-0.515976,-0.583931,0.0499325,0.044457,0.0244825
HEAVE,-0.514957,-0.0992712,-0.232421,0.0167692,0.0210062
HEAVE,-0.520055,0.494462,-0.0929324,0.00579907,0.0210006
HEAVE,-0.515976,-0.396184,0.184437,0.0236629,0.0239109
HEAVE,-0.521075,0.495597,0.0738577,0.0286824,0.0256516
HEAVE,-0.509858,-1.07713,-0.172877,0.0085264,0.0251925
HEAVE,-0.518016,0.792257,-0.266459,-0.0189722,0.0200405
HEAVE,-0.521075,0.298167,0.265628,0.00948785,0.0181198
HEAVE,-0.519036,-0.197927,0.394496,0.0479886,0.0224668
HEAVE,-0.522095,0.297793,0.0130193,0.0444917,0.0254013
HEAVE,-0.518016,-0.395341,-0.0670348,0.033339,0.0246649
HEAVE,-0.519036,0.0993288,-0.117513,0.0182538,0.0224333
HEAVE,-0.524134,0.495447,0.0990176,0.0263302,0.0237456
HEAVE,-0.520055,-0.396193,0.22346,0.0460432,0.0244502
HEAVE,-0.525154,0.493914,0.0407006,0.045509,0.0213327
HEAVE,-0.524134,-0.099209,0.105881,0.0515462,0.0217875
HEAVE,-0.528213,0.395689,0.19547,0.0659386,0.0263849
HEAVE,-0.527193,-0.099039,0.15556,0.0749007,0.0309378
HEAVE,-0.519036,-0.793967,-0.208231,0.0465875,0.0306999
HEAVE,-0.523114,0.390826,-0.406358,0.00129301,0.0278504
HEAVE,-0.526174,0.298187,0.119477,0.0131114,0.0293114
HEAVE,-0.521075,-0.494131,0.214175,0.0332178,0.0292178
HEAVE,-0.522095,0.0992205,-0.193576,0.0105385,0.023758
HEAVE,-0.527193,0.494989,0.0216145,0.0116461,0.0220405
HEAVE,-0.530252,0.296136,0.439007,0.0543822,0.027618
HEAVE,-0.522095,-0.790902,0.0830971,0.0572537,0.0308142
HEAVE,-0.531272,0.892053,-0.190648,0.0324635,0.0295767
HEAVE,-0.526174,-0.494097,0.131931,0.0424103,0.0281652
HEAVE,-0.524134,-0.198676,-0.053631,0.0328061,0.0248908
HEAVE,-0.525154,0.0973351,-0.255251,0.00400047,0.0233742
HEAVE,-0.526174,0.098435,0.0368649,0.00728692,0.0262241
HEAVE,-0.524134,-0.197561,0.0721209,0.0137703,0.0287716
HEAVE,-0.535351,1.08807,0.225477,0.034941,0.0297176
HEAVE,-0.524134,-1.08935,0.248084,0.0562553,0.0289825
HEAVE,-0.525154,0.0992021,-0.329105,0.0177192,0.0256261
HEAVE,-0.531272,0.591195,-0.130384,0.0029089,0.0248746
HEAVE,-0.521075,-0.991699,0.141403,0.0167583,0.0225297
HEAVE,-0.527193,0.593327,-0.21162,-0.00607955,0.018302
HEAVE,-0.530252,0.297758,0.12005,0.00653343,0.0239351
HEAVE,-0.529233,-0.0979795,0.355851,0.0414651,0.0278459
HEAVE,-0.524134,-0.493196,-0.135251,0.0237935,0.0233226
HEAVE,-0.528213,0.395616,-0.262825,-0.00486834,0.0248455
HEAVE,-0.531272,0.297917,0.197776,0.0153961,0.0293301
HEAVE,-0.532292,0.0986871,0.364427,0.0502992,0.0290655
HEAVE,-0.528213,-0.396119,-0.00489892,0.0447794,0.0268426
HEAVE,-0.535351,0.690061,-0.0635748,0.033944,0.0234665
HEAVE,-0.524134,-1.08817,-0.0296706,0.0275825,0.0199048
HEAVE,-0.533312,0.889847,-0.163789,0.00844537,0.0214027
HEAVE,-0.53739,0.396772,0.323867,0.0399876,0.0298382
HEAVE,-0.530252,-0.687937,0.319694,0.0679582,0.033087
HEAVE,-0.531272,0.0997365,-0.313167,0.0298457,0.0264653
HEAVE,-0.530252,-0.0991814,-0.227002,0.0041609,0.0236161
HEAVE,-0.531272,0.0991791,0.0539158,0.00913638,0.0250499
HEAVE,-0.53739,0.593986,0.242,0.0324227,0.0255383
HEAVE,-0.548607,1.08857,0.686623,0.0978427,0.0319592
HEAVE,-0.533312,-1.49028,0.333638,0.121422,0.0356266
HEAVE,-0.532292,-0.0991814,-0.701092,0.0391708,0.0269505
HEAVE,-0.536371,0.395661,-0.435996,-0.00834589,0.0248549
HEAVE,-0.531272,-0.491056,0.17924,0.0104127,0.0301162
HEAVE,-0.530252,-0.0988125,-0.125884,-0.00321702,0.0261327
HEAVE,-0.53943,0.893026,0.0290892,1.36032e-05,0.0194391
HEAVE,-0.535351,-0.397205,0.399474,0.0399596,0.0201355
HEAVE,-0.536371,0.0992919,0.0529767,0.0412613,0.0250705
HEAVE,-0.53841,0.195963,-0.0693465,0.0302005,0.0269877
HEAVE,-0.53943,0.0994975,0.163934,0.0435739,0.0287475
HEAVE,-0.532292,-0.686737,-0.0735623,0.0318603,0.0293056
HEAVE,-0.531272,-0.0992965,-0.430386,-0.0143644,0.0232405
HEAVE,-0.543509,1.18792,0.101258,-0.00280212,0.0217144
HEAVE,-0.535351,-0.791158,0.50896,0.0483741,0.0279784
HEAVE,-0.53943,0.395049,-0.0171898,0.0418177,0.0302692
HEAVE,-0.535351,-0.397158,-0.204004,0.0172355,0.0291828
HEAVE,-0.53739,0.19834,-0.0559036,0.00992163,0.0290655
HEAVE,-0.536371,-0.0984985,0.00602484,0.00953195,0.0272273
HEAVE,-0.53943,0.294087,0.0961304,0.0181918,0.0266844
HEAVE,-0.534331,-0.495643,-0.0027822,0.0160944,0.0278603
HEAVE,-0.54045,0.594454,-0.0465954,0.00982541,0.0244606
HEAVE,-0.533312,-0.695657,-0.000222861,0.00882058,0.0216563
HEAVE,-0.535351,0.198138,-0.167375,-0.00879895,0.0231057
HEAVE,-0.53943,0.399654,0.0294092,-0.00497814,0.0238795
HEAVE,-0.54045,0.100112,0.350217,0.0305414,0.0248213
HEAVE,-0.541469,0.100394,0.20007,0.0474942,0.0264595
HEAVE,-0.53943,-0.200534,-0.0307149,0.0396733,0.0251465
HEAVE,-0.54045,0.100614,-0.0929414,0.0264119,0.0236974
HEAVE,-0.536371,-0.402617,-0.112456,0.0125251,0.0247944
HEAVE,-0.53739,0.100541,-0.160989,-0.00482631,0.0247361
HEAVE,-0.54045,0.301629,0.0486212,0.000518441,0.0245078
HEAVE,-0.541469,0.100571,0.263242,0.0267908,0.0262511
HEAVE,-0.543509,0.201384,0.19791,0.0439027,0.0286305
HEAVE,-0.542489,-0.100612,0.0727792,0.0467904,0.0274763
HEAVE,-0.545548,0.299587,0.0538291,0.0474943,0.0258722
HEAVE,-0.544528,-0.0993242,0.104449,0.0531897,0.0306163
HEAVE,-0.53943,-0.497233,-0.125319,0.0353389,0.0328591
HEAVE,-0.536371,-0.297482,-0.425448,-0.0107398,0.0253789
HEAVE,-0.542489,0.589728,-0.125669,-0.0222327,0.0197778
HEAVE,-0.53943,-0.294932,0.244978,0.00448835,0.0216271
HEAVE,-0.547588,0.794354,0.254206,0.0294601,0.0254961
HEAVE,-0.548607,0.0990711,0.365932,0.0631073,0.0312914
HEAVE,-0.53841,-0.989886,-0.0428689,0.0525097,0.0312369
HEAVE,-0.544528,0.596153,-0.43907,0.00335173,0.0244882
HEAVE,-0.547588,0.296246,0.153423,0.0183589,0.0239467
HEAVE,-0.53943,-0.791231,0.191772,0.0357002,0.0253651
HEAVE,-0.542489,0.296609,-0.316202,0.000509942,0.0245273
HEAVE,-0.552686,0.992044,0.199664,0.0204253,0.0274533
HEAVE,-0.545548,-0.695819,0.518504,0.0702332,0.0307939
HEAVE,-0.543509,-0.198565,-0.209479,0.042262,0.0279606
HEAVE,-0.550647,0.695399,-0.205447,0.0174911,0.0276349
HEAVE,-0.551666,0.0991952,0.41423,0.057165,0.0344418
HEAVE,-0.546568,-0.492549,0.152792,0.0667277,0.0333134
HEAVE,-0.551666,0.494874,-0.185638,0.0414912,0.0275121
HEAVE,-0.546568,-0.496045,-0.025888,0.0347532,0.027123
HEAVE,-0.543509,-0.295945,-0.200462,0.0112317,0.0257887
HEAVE,-0.548607,0.495172,-0.169184,-0.00680982,0.025272
HEAVE,-0.545548,-0.297007,0.150809,0.00895209,0.0257899
HEAVE,-0.551666,0.594799,0.174311,0.025488,0.0252984
HEAVE,-0.546568,-0.494954,0.0905864,0.0319978,0.0257973
HEAVE,-0.549627,0.297227,-0.0585909,0.022939,0.0241526
HEAVE,-0.545548,-0.394876,-0.102068,0.0104383,0.0211772
HEAVE,-0.549627,0.397306,-0.0178337,0.00761109,0.0194433
HEAVE,-0.551666,0.197803,0.192546,0.0261046,0.023451
HEAVE,-0.545548,-0.593629,0.0614334,0.0296374,0.0281289
HEAVE,-0.550647,0.494279,-0.178092,0.00886445,0.0251532
HEAVE,-0.548607,-0.198464,0.0470022,0.0126782,0.0234815
HEAVE,-0.553706,0.491507,0.203052,0.0317156,0.0274478
HEAVE,-0.549627,-0.391595,0.107034,0.0392474,0.028302
HEAVE,-0.545548,-0.396983,-0.236571,0.0116656,0.0215462
HEAVE,-0.553706,0.791048,-0.133929,-0.00289394,0.0193759
HEAVE,-0.554726,0.0992412,0.416809,0.0390763,0.0254505
HEAVE,-0.552686,-0.197675,0.254932,0.0606619,0.0266805
HEAVE,-0.553706,0.0991929,-0.129223,0.0416734,0.0259246
HEAVE,-0.551666,-0.19773,-0.101467,0.0273594,0.0274624
HEAVE,-0.53739,-1.39514,-0.473252,-0.0227018,0.0223613
HEAVE,-0.551666,1.38414,-0.452375,-0.0656691,0.0171163
HEAVE,-0.552686,0.098865,0.512401,-0.00786209,0.0199855
HEAVE,-0.549627,-0.294755,0.45466,0.0383901,0.0220513
HEAVE,-0.554726,0.496448,-0.0862521,0.0259259,0.0244798
HEAVE,-0.555745,0.0989863,0.155447,0.038878,0.0273381
HEAVE,-0.549627,-0.594757,0.0439974,0.0393899,0.0263641
HEAVE,-0.556765,0.692936,-0.143141,0.0211368,0.0270489
HEAVE,-0.553706,-0.290623,0.139048,0.0329279,0.0272388
HEAVE,-0.554726,0.0990069,0.0862853,0.0382637,0.0245432
HEAVE,-0.552686,-0.198759,-0.109212,0.0235161,0.0248036
HEAVE,-0.554726,0.197895,-0.0442824,0.0167362,0.026989
HEAVE,-0.550647,-0.395223,-0.039307,0.0111319,0.0246182
HEAVE,-0.556765,0.594,0.00802557,0.0108213,0.0210542
HEAVE,-0.560844,0.396864,0.355207,0.0452598,0.0246552
HEAVE,-0.554726,-0.596153,0.230484,0.0637822,0.0275958
HEAVE,-0.549627,-0.495115,-0.438989,0.0135051,0.0235026
HEAVE,-0.552686,0.297586,-0.417065,-0.0295519,0.0209699
HEAVE,-0.559824,0.693113,0.307679,0.00417118,0.020808
HEAVE,-0.554726,-0.498903,0.418661,0.0456201,0.0217976
HEAVE,-0.557785,0.296485,-0.0552164,0.0355365,0.0243772
HEAVE,-0.555745,-0.196278,-0.1018,0.0218028,0.0256292
HEAVE,-0.549627,-0.594689,-0.192854,0.000337151,0.0231615
HEAVE,-0.558804,0.893378,-0.12672,-0.0123686,0.0194743
HEAVE,-0.562883,0.395277,0.498055,0.0386737,0.0175886
HEAVE,-0.557785,-0.4957,0.369798,0.0717862,0.0179502
HEAVE,-0.558804,0.0991377,-0.231062,0.0415014,0.0226505
HEAVE,-0.561864,0.297544,-0.0634394,0.0310073,0.0263761
HEAVE,-0.554726,-0.692455,0.0401796,0.0319245,0.0249855
HEAVE,-0.549627,-0.494577,-0.45248,-0.0165159,0.0217195
HEAVE,-0.561864,1.18971,-0.15098,-0.0299624,0.0199188
HEAVE,-0.558804,-0.299049,0.542163,0.0272501,0.0213457
HEAVE,-0.559824,0.0984735,0.228048,0.04733,0.0230964
HEAVE,-0.560844,0.0996064,-0.0937912,0.0332179,0.022852
HEAVE,-0.562883,0.198884,0.106308,0.0405268,0.0222757
HEAVE,-0.555745,-0.689203,-0.0400901,0.0324651,0.0226104
HEAVE,-0.543509,-1.18795,-0.711706,-0.041952,0.0197972
HEAVE,-0.553706,0.991331,-0.600548,-0.0978116,0.0127792
HEAVE,-0.557785,0.395131,0.470682,-0.0409622,0.0123964
HEAVE,-0.562883,0.496229,0.770282,0.0401622,0.0202711
HEAVE,-0.556765,-0.594083,0.151637,0.0513097,0.0238275
HEAVE,-0.563903,0.696078,-0.131003,0.0330784,0.0230765
HEAVE,-0.564923,0.098833,0.236686,0.0534392,0.0253831
HEAVE,-0.560844,-0.39578,0.168345,0.0649298,0.0261053
HEAVE,-0.565942,0.49654,-0.0980918,0.0486277,0.0251522
HEAVE,-0.558804,-0.692519,-0.0567866,0.0380862,0.0250503
HEAVE,-0.559824,0.0989611,-0.214428,0.0128349,0.0229082
HEAVE,-0.561864,0.198225,-0.0770637,0.003845,0.0238113
HEAVE,-0.565942,0.395735,0.297832,0.0332437,0.0264956
HEAVE,-0.566962,0.0988285,0.332068,0.0631262,0.0263141
HEAVE,-0.561864,-0.48822,-0.0203158,0.054782,0.0241102
HEAVE,-0.564923,0.297007,-0.227064,0.0265974,0.0221467
HEAVE,-0.561864,-0.297959,-0.0528001,0.0186577,0.0225482
HEAVE,-0.563903,0.197579,0.00929355,0.0177213,0.0237657
HEAVE,-0.565942,0.198441,0.0956596,0.0255151,0.0263321
HEAVE,-0.563903,-0.198096,0.114505,0.0344141,0.026991
HEAVE,-0.565942,0.193639,-0.0176243,0.0292102,0.0241823
HEAVE,-0.560844,-0.496529,-0.10968,0.0153212,0.0211064
HEAVE,-0.562883,0.197547,-0.17327,-0.0035379,0.0186459
HEAVE,-0.566962,0.397122,0.105436,0.00735954,0.019162
HEAVE,-0.565942,-0.0989909,0.291252,0.0357488,0.02103
HEAVE,-0.561864,-0.396266,-0.0758383,0.0245901,0.0215248
HEAVE,-0.564923,0.297207,-0.224075,-0.000276357,0.0235386
HEAVE,-0.562883,-0.19869,0.0128583,0.00103711,0.0249238
HEAVE,-0.566962,0.395424,0.124944,0.0134278,0.0237235
HEAVE,-0.560844,-0.595517,-0.00319109,0.0117659,0.0211495
HEAVE,-0.564923,0.394284,-0.138999,-0.00331059,0.0161002
HEAVE,-0.565942,0.100005,0.0863875,0.00565921,0.0173928
HEAVE,-0.562883,-0.298701,0.110441,0.0161374,0.0228879
HEAVE,-0.560844,-0.19823,-0.218585,-0.00733485,0.0191678
HEAVE,-0.564923,0.387059,-0.109203,-0.0175217,0.0161581
HEAVE,-0.570021,0.496863,0.351741,0.0194045,0.0228375
HEAVE,-0.565942,-0.392926,0.3081,0.0482741,0.0239218
HEAVE,-0.563903,-0.198565,-0.203185,0.0231281,0.016705
HEAVE,-0.562883,-0.098236,-0.313075,-0.0104922,0.015669
HEAVE,-0.566962,0.396404,0.0352762,-0.00591537,0.0180762
HEAVE,-0.569002,0.195784,0.314534,0.0261295,0.0170793
HEAVE,-0.566962,-0.196965,0.167058,0.0402223,0.0172219
HEAVE,-0.564923,-0.197552,-0.169893,0.0192108,0.0173794
HEAVE,-0.571041,0.594427,-0.0279842,0.0144913,0.0173584
HEAVE,-0.566962,-0.395616,0.203645,0.0334067,0.0213995
HEAVE,-0.565942,-0.0989451,-0.081825,0.0218835,0.022273
HEAVE,-0.563903,-0.198138,-0.266836,-0.00698849,0.0180966
HEAVE,-0.564923,0.0992505,-0.101939,-0.0164836,0.0153341
HEAVE,-0.569002,0.395698,0.161812,0.00134602,0.0160463
HEAVE,-0.5741,0.495298,0.423457,0.0435571,0.0208668
HEAVE,-0.566962,-0.690316,0.176086,0.0568099,0.0236484
HEAVE,-0.572061,0.494051,-0.187296,0.0323994,0.0219537
HEAVE,-0.571041,-0.0990207,0.0279963,0.0319591,0.0203082
HEAVE,-0.565942,-0.489976,-0.0246663,0.0262965,0.0194472
HEAVE,-0.5741,0.793028,-0.0885618,0.0148107,0.0203425
HEAVE,-0.570021,-0.396064,0.209277,0.0342573,0.0219653
HEAVE,-0.567982,-0.198381,-0.0426433,0.0265672,0.0195083
HEAVE,-0.573081,0.495769,-0.122933,0.0116172,0.0172087
HEAVE,-0.571041,-0.196256,0.182159,0.0286714,0.021396
HEAVE,-0.567982,-0.296403,-0.0354735,0.0222569,0.0223805
HEAVE,-0.578179,0.995624,0.0292374,0.0229549,0.0185048
HEAVE,-0.567982,-0.993958,0.211387,0.0417981,0.0180694
HEAVE,-0.572061,0.395542,-0.179813,0.0196369,0.0175635
HEAVE,-0.569002,-0.298917,-0.183264,-0.000653113,0.0167455
HEAVE,-0.5741,0.494897,0.116572,0.0110694,0.0226437
HEAVE,-0.570021,-0.396808,0.117593,0.0217217,0.0283434
HEAVE,-0.571041,0.0990184,-0.078504,0.0116992,0.0224344
HEAVE,-0.560844,-0.996807,-0.370383,-0.0265091,0.0141839
HEAVE,-0.572061,1.09236,-0.221508,-0.046009,0.0128314
HEAVE,-0.578179,0.583187,0.582353,0.0168272,0.0171004
HEAVE,-0.579199,0.099117,0.728664,0.0880109,0.0239471
HEAVE,-0.572061,-0.694045,-0.0743648,0.0717733,0.0246349
HEAVE,-0.57512,0.296993,-0.415634,0.0230325,0.019088
HEAVE,-0.572061,-0.296533,-0.103402,0.0103891,0.0171912
HEAVE,-0.570021,-0.198556,-0.0735407,0.00199612,0.0175479
HEAVE,-0.566962,-0.296,-0.27213,-0.0254165,0.0152694
HEAVE,-0.577159,0.985143,0.0696199,-0.0159129,0.0163587
HEAVE,-0.5741,-0.297814,0.449895,0.0306679,0.0207774
HEAVE,-0.578179,0.395616,0.218024,0.0494035,0.0194055
HEAVE,-0.580219,0.198234,0.12537,0.0570002,0.0183544
HEAVE,-0.586337,0.595447,0.369001,0.0882003,0.0264343
HEAVE,-0.577159,-0.7902,0.153914,0.0947716,0.0321441
HEAVE,-0.579199,0.197918,-0.293869,0.0559076,0.0261286
HEAVE,-0.578179,-0.0990826,-0.170955,0.0332213,0.0202325
HEAVE,-0.577159,-0.0983829,0.0215515,0.0320543,0.0210001
HEAVE,-0.578179,0.0982293,-0.0285411,0.0259948,0.0217327
HEAVE,-0.577159,-0.0986825,-0.00387701,0.0230076,0.0236225
HEAVE,-0.57614,-0.0994142,-0.0532586,0.015381,0.0243571
HEAVE,-0.578179,0.197024,-0.0287683,0.010966,0.0190889
HEAVE,-0.581238,0.297372,0.182547,0.0281241,0.0172164
HEAVE,-0.578179,-0.299776,0.149048,0.0402165,0.0210175
HEAVE,-0.580219,0.201527,-0.0608159,0.0301133,0.0210437
HEAVE,-0.581238,0.100692,0.0341615,0.0305181,0.0209835
HEAVE,-0.579199,-0.200553,0.0697117,0.0344375,0.0262054
HEAVE,-0.577159,-0.199204,-0.152208,0.015773,0.0261932
HEAVE,-0.585317,0.79648,0.0458901,0.0187847,0.0212304
HEAVE,-0.581238,-0.397131,0.318049,0.0487111,0.0221304
HEAVE,-0.579199,-0.196256,-0.0647125,0.0373688,0.0224212
HEAVE,-0.594495,1.49021,0.150612,0.0486931,0.0228643
HEAVE,-0.57614,-1.79066,0.302115,0.0740353,0.0262863
HEAVE,-0.577159,0.0997667,-0.609142,0.00571761,0.027312
HEAVE,-0.57614,-0.0981729,-0.546673,-0.0495215,0.0278507
HEAVE,-0.578179,0.196915,0.133946,-0.0311747,0.0244834
HEAVE,-0.586337,0.790938,0.412111,0.0131539,0.0209016
HEAVE,-0.571041,-1.49671,0.0596336,0.0178019,0.0199816
HEAVE,-0.594495,2.28547,-0.0464306,0.0113786,0.0208273
HEAVE,-0.583278,-1.09087,0.570711,0.0673118,0.0241676
HEAVE,-0.582258,-0.0993219,0.00926002,0.0615066,0.0225767
HEAVE,-0.584297,0.198174,-0.417626,0.0135934,0.0193814
HEAVE,-0.582258,-0.197735,0.0274944,0.0149835,0.0202242
HEAVE,-0.579199,-0.296828,-0.0730505,0.00618007,0.021638
HEAVE,-0.585317,0.595461,-0.0621095,-0.000648881,0.0217875
HEAVE,-0.583278,-0.199004,0.216139,0.0210299,0.0209706
HEAVE,-0.586337,0.295911,0.155173,0.0344442,0.0192016
HEAVE,-0.588376,0.198262,0.136035,0.0446032,0.0207651
HEAVE,-0.578179,-0.997202,-0.115905,0.0285524,0.0218767
HEAVE,-0.584297,0.595517,-0.375027,-0.0118055,0.0186544
HEAVE,-0.591435,0.696321,0.28063,0.017438,0.0213678
HEAVE,-0.584297,-0.69624,0.44279,0.0599732,0.0248391
HEAVE,-0.589396,0.495735,-0.106876,0.0432883,0.0226253
HEAVE,-0.582258,-0.695043,-0.193113,0.0196482,0.0208704
HEAVE,-0.586337,0.396836,-0.127383,0.004945,0.0206934
HEAVE,-0.582258,-0.395652,-0.0538545,-0.000934944,0.0218875
HEAVE,-0.579199,-0.298333,-0.181065,-0.0189479,0.0190225
HEAVE,-0.581238,0.199734,-0.222913,-0.0393444,0.0138809
HEAVE,-0.583278,0.198037,0.11871,-0.023539,0.0158264
HEAVE,-0.595514,1.17667,0.557441,0.034559,0.0236415
HEAVE,-0.586337,-0.891888,0.465707,0.0776739,0.02817
HEAVE,-0.591435,0.495149,-0.128476,0.0570589,0.0256358
HEAVE,-0.588376,-0.296116,-0.137847,0.0375683,0.0242892
HEAVE,-0.580219,-0.792569,-0.238537,0.00995775,0.0232939
HEAVE,-0.584297,0.397149,-0.41105,-0.0321431,0.0183195
HEAVE,-0.589396,0.496057,0.186751,-0.0102536,0.0190826
HEAVE,-0.587357,-0.198478,0.41935,0.0327067,0.0254619
HEAVE,-0.589396,0.198722,0.0551807,0.0349541,0.0271058
HEAVE,-0.584297,-0.495873,-0.158947,0.015564,0.0219989
HEAVE,-0.586337,0.19644,-0.184217,-0.00441415,0.0170757
HEAVE,-0.589396,0.297565,0.0842754,0.00445481,0.0199503
HEAVE,-0.588376,-0.0995461,0.234322,0.0274415,0.0254243
HEAVE,-0.589396,0.0983716,0.0431924,0.0290166,0.0255035
HEAVE,-0.583278,-0.599103,-0.187235,0.00739149,0.0204858
HEAVE,-0.590416,0.694866,-0.126034,-0.00595106,0.0175549
HEAVE,-0.587357,-0.299028,0.176134,0.0122574,0.0210151
HEAVE,-0.585317,-0.198161,-0.00805359,0.0102263,0.0212144
HEAVE,-0.588376,0.299077,-0.146305,-0.00542687,0.0177149
HEAVE,-0.589396,0.0991308,0.147582,0.00987398,0.020009
HEAVE,-0.579199,-0.991469,-0.119624,-0.0030758,0.0214811
HEAVE,-0.590416,1.09036,-0.257741,-0.0285423,0.0199231
HEAVE,-0.588376,-0.19925,0.310518,0.00536369,0.0214102
HEAVE,-0.595514,0.69345,0.450014,0.0498288,0.0216757
HEAVE,-0.590416,-0.495884,0.149327,0.0597786,0.0214082
HEAVE,-0.593475,0.296787,-0.0776918,0.0460316,0.0225042
HEAVE,-0.589396,-0.3928,-0.112072,0.0302212,0.0211035
HEAVE,-0.590416,0.0989153,-0.10087,0.0171121,0.0203415
HEAVE,-0.587357,-0.298798,-0.125393,0.00286152,0.0199732
HEAVE,-0.593475,0.595337,0.0456254,0.00713791,0.0183366
HEAVE,-0.595514,0.198681,0.34096,0.0405201,0.0221727
HEAVE,-0.587357,-0.792753,0.050735,0.0415416,0.0239094
HEAVE,-0.598573,1.09097,-0.145184,0.0228691,0.0206359
HEAVE,-0.591435,-0.693418,0.195091,0.0400912,0.0229416
HEAVE,-0.590416,-0.0983761,-0.0905576,0.0270263,0.0217436
HEAVE,-0.592455,0.198055,-0.236215,0.000702211,0.0172676
HEAVE,-0.593475,0.0992182,0.131816,0.0138136,0.0203839
HEAVE,-0.597554,0.396937,0.27295,0.0397272,0.024946
HEAVE,-0.590416,-0.695447,0.0352671,0.0392812,0.024133
HEAVE,-0.599593,0.884897,-0.0787958,0.0274735,0.0221691
HEAVE,-0.596534,-0.298243,0.221276,0.0468537,0.0251669
HEAVE,-0.589396,-0.694544,-0.105436,0.0316248,0.0278164
HEAVE,-0.593475,0.396285,-0.416143,-0.013152,0.02587
HEAVE,-0.596534,0.297351,0.133908,0.00155397,0.0213856
HEAVE,-0.590416,-0.59282,0.188057,0.0202043,0.0159795
HEAVE,-0.595514,0.495505,-0.138036,0.00438026,0.0153428
HEAVE,-0.593475,-0.197151,0.0266072,0.00660295,0.0197652
HEAVE,-0.588376,-0.489875,-0.0901534,-0.00307268,0.0198977
HEAVE,-0.596534,0.79039,-0.11778,-0.0145435,0.0194553
HEAVE,-0.590416,-0.592437,0.161482,0.00305906,0.0237914
HEAVE,-0.596534,0.597694,0.0797393,0.0107271,0.0238926
HEAVE,-0.593475,-0.289039,0.064231,0.0160775,0.020036
HEAVE,-0.600613,0.6984,0.196628,0.0341326,0.019822
HEAVE,-0.594495,-0.588605,0.141042,0.0448235,0.0199787
HEAVE,-0.591435,-0.297696,-0.261198,0.0142213,0.0136767
HEAVE,-0.600613,0.892446,-0.109608,0.00183841,0.0110415
HEAVE,-0.596534,-0.397953,0.363886,0.0380431,0.0176191
HEAVE,-0.599593,0.296815,0.134032,0.047642,0.0206689
HEAVE,-0.595514,-0.396119,-0.121172,0.0307607,0.0192417
HEAVE,-0.596534,0.0988627,-0.139163,0.0137682,0.0181355
HEAVE,-0.594495,-0.199023,-0.0956093,0.00283049,0.0172182
HEAVE,-0.598573,0.395991,0.0522431,0.00777175,0.0182732
HEAVE,-0.600613,0.199241,0.248455,0.0318401,0.0210454
HEAVE,-0.599593,-0.0987988,0.194803,0.0481365,0.021168
HEAVE,-0.595514,-0.389491,-0.156252,0.0276977,0.018115
HEAVE,-0.594495,-0.0990826,-0.319572,-0.00702929,0.0155274
HEAVE,-0.593475,-0.0989382,-0.174291,-0.0237555,0.0134429
HEAVE,-0.597554,0.396303,0.0839522,-0.0129847,0.0135853
HEAVE,-0.599593,0.19958,0.291559,0.0174696,0.018023
HEAVE,-0.597554,-0.200122,0.159972,0.0317199,0.0191638
HEAVE,-0.598573,0.0994744,-0.0796844,0.0205795,0.0151865
HEAVE,-0.613869,1.48862,0.408231,0.0593447,0.0199159
HEAVE,-0.598573,-1.48294,0.480511,0.101461,0.0232149
HEAVE,-0.594495,-0.396624,-0.618955,0.0294197,0.0140042
HEAVE,-0.601633,0.693755,-0.545991,-0.0281214,0.0146357
HEAVE,-0.599593,-0.199571,0.338026,0.0084934,0.0234827
HEAVE,-0.600613,0.0979503,0.208704,0.0285144,0.0242303
HEAVE,-0.599593,-0.0997109,-0.0883024,0.0168328,0.0192261
HEAVE,-0.593475,-0.593849,-0.239491,-0.00879959,0.0162349
HEAVE,-0.601633,0.796332,-0.128685,-0.0207882,0.0154123
HEAVE,-0.600613,-0.0993173,0.304581,0.0117487,0.012751
HEAVE,-0.601633,0.0991561,0.226205,0.0331944,0.0149205
HEAVE,-0.596534,-0.49758,-0.16903,0.0129719,0.0174064
HEAVE,-0.600613,0.354115,-0.197553,-0.00808059,0.015156
HEAVE,-0.604692,0.39691,0.206975,0.0134249,0.0179562
HEAVE,-0.605711,0.0996668,0.399346,0.052017,0.0225708
HEAVE,-0.601633,-0.39483,0.0234698,0.0491623,0.0206441
HEAVE,-0.599593,-0.199571,-0.32911,0.0113351,0.0158013
HEAVE,-0.603672,0.395396,-0.120776,-0.00187602,0.0132332
HEAVE,-0.601633,-0.199171,0.171327,0.0154442,0.0161055
HEAVE,-0.600613,-0.0987897,-0.00906884,0.0129929,0.019765
HEAVE,-0.598573,-0.197292,-0.203409,-0.00864731,0.0149247
HEAVE,-0.603672,0.490268,0.000646801,-0.0077179,0.0105032
HEAVE,-0.602652,-0.0991148,0.235304,0.0165843,0.013925
HEAVE,-0.604692,0.198464,0.143563,0.0292821,0.0172918
HEAVE,-0.608771,0.397972,0.163414,0.0426954,0.0201998
HEAVE,-0.605711,-0.297903,0.179372,0.056363,0.022532
HEAVE,-0.600613,-0.494085,-0.230721,0.0276546,0.0220355
HEAVE,-0.599593,-0.098503,-0.436347,-0.0187456,0.0199011
HEAVE,-0.605711,0.585102,0.00855697,-0.0160153,0.0187996
HEAVE,-0.607751,0.199208,0.447161,0.0303024,0.0176968
HEAVE,-0.603672,-0.396808,0.170385,0.0443107,0.0147436
HEAVE,-0.604692,0.0995253,-0.221711,0.0177085,0.0138112
HEAVE,-0.60979,0.494897,0.0577895,0.0217166,0.0157676
HEAVE,-0.598573,-1.0959,0.0361282,0.0231578,0.0185142
HEAVE,-0.595514,-0.296863,-0.593916,-0.0385496,0.0166856
HEAVE,-0.601633,0.59495,-0.326844,-0.0673791,0.0115496
HEAVE,-0.600613,-0.0993958,0.334411,-0.0272001,0.0107002
HEAVE,-0.603672,0.297793,0.259368,0.00145669,0.0127421
HEAVE,-0.604692,0.0984939,0.116789,0.01299,0.0154995
HEAVE,-0.61183,0.695302,0.304069,0.0420979,0.0203823
HEAVE,-0.605711,-0.594813,0.2419,0.0620781,0.0219586
HEAVE,-0.61081,0.496679,-0.0515024,0.05072,0.0191003
HEAVE,-0.604692,-0.59378,-0.0987079,0.0357773,0.0176813
HEAVE,-0.603672,-0.0992758,-0.222606,0.00993891,0.0173276
HEAVE,-0.605711,0.198524,-0.15699,-0.00675402,0.0170181
HEAVE,-0.61081,0.498566,0.271466,0.021068,0.0179714
HEAVE,-0.607751,-0.299538,0.28943,0.0479042,0.0209462
HEAVE,-0.606731,-0.0990505,-0.105049,0.0326089,0.0213588
HEAVE,-0.600613,-0.595047,-0.36974,-0.00762602,0.0161856
HEAVE,-0.61081,0.986871,-0.0705081,-0.0139142,0.0166767
HEAVE,-0.602652,-0.799383,0.233151,0.0107923,0.0215856
HEAVE,-0.607751,0.495838,-0.0218921,0.0075239,0.0182616
HEAVE,-0.60979,0.198,0.0743018,0.0142017,0.0145044
HEAVE,-0.61081,0.0993127,0.294077,0.0421892,0.0159519
HEAVE,-0.61183,0.0960541,0.131558,0.0511261,0.0180444
HEAVE,-0.604692,-0.693626,-0.168288,0.0291847,0.0174823
HEAVE,-0.606731,0.196053,-0.343362,-0.00806998,0.0150573
HEAVE,-0.608771,0.200145,-0.000807902,-0.00734378,0.0163032
HEAVE,-0.600613,-0.79189,0.00165883,-0.00644351,0.0158635
HEAVE,-0.604692,0.397786,-0.288628,-0.034662,0.00956766
HEAVE,-0.608771,0.395122,0.11653,-0.0195428,0.0102256
HEAVE,-0.607751,-0.0990528,0.368516,0.0192631,0.0153626
HEAVE,-0.608771,0.0989222,0.066682,0.024005,0.0140785
HEAVE,-0.607751,-0.0990367,-0.0633262,0.0152719,0.0143508
HEAVE,-0.604692,-0.298312,-0.127867,0.000957958,0.0154343
HEAVE,-0.60979,0.497291,-0.0472352,-0.00386136,0.0136438
HEAVE,-0.607751,-0.199464,0.167468,0.0132716,0.012589
HEAVE,-0.612849,0.497638,0.182683,0.0302128,0.0140631
HEAVE,-0.606731,-0.597778,0.0292614,0.0301176,0.0151437
HEAVE,-0.61081,0.399682,-0.118713,0.0152345,0.0117438
HEAVE,-0.606731,-0.395808,-0.0619122,0.00751986,0.0121791
HEAVE,-0.614889,0.797539,0.139183,0.0206862,0.0177323
HEAVE,-0.615909,0.0990688,0.390925,0.0577101,0.0203025
HEAVE,-0.613869,-0.197739,0.209835,0.0729226,0.0205203
HEAVE,-0.614889,0.0990253,-0.124917,0.0531386,0.0206515
HEAVE,-0.61183,-0.297413,-0.123042,0.0355206,0.019155
HEAVE,-0.608771,-0.296246,-0.210558,0.0109127,0.0179509
HEAVE,-0.61081,0.198381,-0.181436,-0.00832214,0.0173144
HEAVE,-0.61183,0.0989519,0.0945681,0.00196689,0.0166452
HEAVE,-0.60979,-0.199766,0.0887053,0.0106407,0.0167349
HEAVE,-0.617948,0.790811,0.127362,0.0223128,0.0173662
HEAVE,-0.608771,-0.883151,0.13085,0.0331666,0.0167084
HEAVE,-0.637323,2.77927,0.506487,0.0804986,0.0203629
HEAVE,-0.617948,-1.88488,0.794912,0.15194,0.030924
HEAVE,-0.61183,-0.589836,-0.549834,0.0817625,0.0265217
HEAVE,-0.614889,0.297413,-0.946972,-0.0211109,0.0134131
HEAVE,-0.612849,-0.199585,0.037378,-0.015262,0.0124466
HEAVE,-0.624066,1.09931,0.454738,0.031738,0.0182057
HEAVE,-0.60979,-1.39615,0.170174,0.0455816,0.0212991
HEAVE,-0.618968,0.900231,-0.310262,0.00999724,0.0191525
HEAVE,-0.606731,-1.19389,-0.260484,-0.0170509,0.0160253
HEAVE,-0.613869,0.694721,-0.178971,-0.033243,0.011751
HEAVE,-0.61081,-0.280827,0.019734,-0.0279453,0.0100003
HEAVE,-0.621007,0.999019,0.362321,0.0110813,0.015186
HEAVE,-0.614889,-0.598908,0.324177,0.0423908,0.0216235
HEAVE,-0.61183,-0.298847,-0.207956,0.0173561,0.0212869
HEAVE,-0.617948,0.595378,-0.231749,-0.0075544,0.0181298
HEAVE,-0.618968,0.0991768,0.325996,0.0258006,0.0184742
HEAVE,-0.614889,-0.398491,0.15555,0.0387755,0.01843
HEAVE,-0.612849,-0.196933,-0.318035,0.00309445,0.0160465
HEAVE,-0.60979,-0.294006,-0.344908,-0.0317058,0.00851508
HEAVE,-0.614889,0.49412,-0.0305966,-0.0315949,0.003404
HEAVE,-0.613869,-0.0997714,0.233327,-0.00510269,0.0119268
HEAVE,-0.61183,-0.198418,0.0334178,-0.00125064,0.0177209
HEAVE,-0.60979,-0.198193,-0.243565,-0.025482,0.011905
HEAVE,-0.612849,0.297496,-0.0928209,-0.0322159,0.00888975
HEAVE,-0.616928,0.395597,0.273909,-0.00160343,0.0125119
HEAVE,-0.624066,0.695092,0.538423,0.0523992,0.020291
HEAVE,-0.616928,-0.683648,0.275812,0.0747405,0.024336
HEAVE,-0.613869,-0.297827,-0.376552,0.0296113,0.0175247
HEAVE,-0.621007,0.692808,-0.219133,0.00473681,0.0130713
HEAVE,-0.614889,-0.594689,0.209068,0.02517,0.0168523
HEAVE,-0.616928,0.198354,-0.0497374,0.0176792,0.0183304
HEAVE,-0.618968,0.198064,-0.0358615,0.0123252,0.0159021
HEAVE,-0.617948,-0.0994882,0.153527,0.0264453,0.0134439
HEAVE,-0.616928,-0.0991492,-0.0231537,0.0214854,0.0129776
HEAVE,-0.625086,0.796147,0.119623,0.0312992,0.017465
HEAVE,-0.613869,-1.08971,0.122146,0.0403838,0.0198942
HEAVE,-0.616928,0.296273,-0.338926,0.00245288,0.0147916
HEAVE,-0.619987,0.29914,-0.0789684,-0.00568925,0.0140927
HEAVE,-0.613869,-0.600365,0.144346,0.0093143,0.0175702
HEAVE,-0.614889,0.0991354,-0.221494,-0.0137665,0.0153488
HEAVE,-0.619987,0.499148,0.00365174,-0.0120247,0.0130323
HEAVE,-0.621007,0.0979615,0.388163,0.0279941,0.0154783
HEAVE,-0.615909,-0.495344,0.0578755,0.0309822,0.0144229
HEAVE,-0.614889,-0.099375,-0.357225,-0.00783847,0.00905693
HEAVE,-0.619987,0.494177,-0.0684923,-0.0139038,0.0106792
HEAVE,-0.625086,0.500175,0.468215,0.0343081,0.0197248
HEAVE,-0.618968,-0.594606,0.275354,0.0584127,0.0223928
HEAVE,-0.621007,0.198745,-0.223979,0.0301735,0.0156814
HEAVE,-0.618968,-0.198312,-0.163089,0.0108473,0.0123467
HEAVE,-0.625086,0.598936,0.155919,0.0253545,0.016123
HEAVE,-0.624066,-0.0992551,0.291703,0.0519893,0.0184621
HEAVE,-0.618968,-0.499638,-0.0558234,0.041208,0.0175426
HEAVE,-0.622027,0.294966,-0.285443,0.00854292,0.0206273
HEAVE,-0.633244,1.0884,0.354833,0.043172,0.0274441
HEAVE,-0.621007,-1.19333,0.423461,0.0812009,0.0283346
HEAVE,-0.618968,-0.190461,-0.496972,0.0233836,0.0207712
HEAVE,-0.625086,0.596707,-0.35902,-0.0148568,0.0160131
HEAVE,-0.621007,-0.396404,0.262969,0.0129258,0.0156021
HEAVE,-0.619987,-0.0996528,-0.0250051,0.00913269,0.012933
HEAVE,-0.621007,0.0972377,-0.191146,-0.0108952,0.0115366
HEAVE,-0.606731,-1.39686,-0.377091,-0.0475147,0.00875278
HEAVE,-0.615909,0.886976,-0.497218,-0.0924851,0.00600666
HEAVE,-0.617948,0.199208,0.23353,-0.0598836,0.00991186
HEAVE,-0.626106,0.782903,0.691173,0.0152221,0.0141089
HEAVE,-0.624066,-0.19823,0.418845,0.0555844,0.0154031
HEAVE,-0.621007,-0.298312,-0.0928224,0.0407437,0.0155254
HEAVE,-0.618968,-0.194981,-0.361827,0.000486624,0.0156045
HEAVE,-0.614889,-0.398453,-0.302382,-0.0298003,0.0132857
HEAVE,-0.624066,0.890156,0.0323077,-0.0235895,0.0112773
HEAVE,-0.622027,-0.199524,0.398222,0.0185917,0.0154784
HEAVE,-0.621007,-0.0990207,0.109301,0.0276626,0.0158284
HEAVE,-0.624066,0.296719,-0.0978925,0.0151071,0.0119087
HEAVE,-0.619987,-0.397981,0.00948598,0.014545,0.010688
HEAVE,-0.616928,-0.297883,-0.216684,-0.00857795,0.0102041
HEAVE,-0.619987,0.294451,-0.20646,-0.0283661,0.0115731
HEAVE,-0.623047,0.298604,0.2099,-0.00453948,0.0136802
HEAVE,-0.621007,-0.197982,0.238624,0.0197769,0.0160498
HEAVE,-0.622027,0.0990551,-0.0355321,0.014246,0.0185808
HEAVE,-0.618968,-0.296821,-0.127864,3.5002e-05,0.0161368
HEAVE,-0.621007,0.199287,-0.0803981,-0.00800831,0.0116477
HEAVE,-0.619987,-0.0984644,0.0229105,-0.00491643,0.01121
HEAVE,-0.621007,0.099285,0.0435725,-6.75352e-05,0.012279
HEAVE,-0.619987,-0.0987372,-0.00353168,-0.00041395,0.0135223
HEAVE,-0.623047,0.297544,0.0509143,0.00471887,0.0145038
HEAVE,-0.624066,0.0991515,0.175036,0.0217506,0.0145795
HEAVE,-0.625086,0.098833,0.165449,0.0361205,0.0144072
HEAVE,-0.621007,-0.397749,-0.0596083,0.0265476,0.0135185
HEAVE,-0.623047,0.198755,-0.174243,0.00646855,0.0129632
HEAVE,-0.626106,0.296472,0.0970011,0.0155218,0.0145523
HEAVE,-0.623047,-0.29859,0.174345,0.0314041,0.0149039
HEAVE,-0.618968,-0.397251,-0.22109,0.00615473,0.00878376
HEAVE,-0.624066,0.499953,-0.203663,-0.014827,0.00464879
HEAVE,-0.623047,-0.099405,0.185357,0.00519142,0.00775153
HEAVE,-0.625086,0.199552,0.181617,0.022834,0.0107981
HEAVE,-0.626106,0.0994836,0.0851094,0.0290615,0.0137548
HEAVE,-0.627125,0.0991515,0.1146,0.0376154,0.0167152
HEAVE,-0.625086,-0.197835,0.0146682,0.0353206,0.0159162
HEAVE,-0.627125,0.199589,-0.0480624,0.0269823,0.0145485
HEAVE,-0.633244,0.594578,0.230617,0.0473458,0.015581
HEAVE,-0.624066,-0.891826,0.153803,0.0579915,0.0158106
HEAVE,-0.626106,0.19938,-0.329477,0.0192447,0.00745092
HEAVE,-0.629165,0.296808,-0.0838861,0.00893159,-0.00133706
HEAVE,-0.627125,-0.199664,0.230347,0.0310731,0.00646475
HEAVE,-0.628145,0.0994559,0.0135012,0.029316,0.0160695
HEAVE,-0.631204,0.298979,0.047816,0.031166,0.0161739
HEAVE,-0.629165,-0.198188,0.143912,0.0424405,0.0130656
HEAVE,-0.628145,-0.0993681,-0.0658422,0.0316123,0.0107054
HEAVE,-0.624066,-0.39611,-0.256991,0.00275195,0.0112381
HEAVE,-0.618968,-0.491372,-0.393784,-0.0369016,0.00990516
HEAVE,-0.631204,1.19328,-0.0102465,-0.0342361,0.0115924
HEAVE,-0.632224,0.099435,0.651837,0.0343713,0.0179134
HEAVE,-0.631204,-0.0988993,0.380566,0.0689907,0.0180959
HEAVE,-0.628145,-0.297883,-0.22795,0.0392966,0.0125746
HEAVE,-0.631204,0.294505,-0.182534,0.0171135,0.0128288
HEAVE,-0.628145,-0.299566,0.0366552,0.0190677,0.0155129
HEAVE,-0.639362,1.08047,0.258585,0.0430195,0.0148388
HEAVE,-0.626106,-1.28004,0.16399,0.0551165,0.0149232
HEAVE,-0.633244,0.698742,-0.273108,0.022294,0.0153724
HEAVE,-0.628145,-0.497117,-0.139358,0.00612877,0.0174279
HEAVE,-0.626106,-0.20029,-0.0983426,-0.00431837,0.0167505
HEAVE,-0.635283,0.895394,0.0232455,-0.00156199,0.0146497
HEAVE,-0.636303,0.0993865,0.511867,0.0497809,0.0194342
HEAVE,-0.634263,-0.198317,0.258415,0.0706443,0.024454
HEAVE,-0.623047,-1.10144,-0.497552,0.0138247,0.0204066
HEAVE,-0.630185,0.69692,-0.543559,-0.0419138,0.012232
HEAVE,-0.633244,0.299776,0.258858,-0.0118366,0.00943631
HEAVE,-0.628145,-0.49845,0.32705,0.022052,0.00994868
HEAVE,-0.626106,-0.198907,-0.30689,-0.0108422,0.0106453
HEAVE,-0.635283,0.891723,-0.057467,-0.0155047,0.012262
HEAVE,-0.630185,-0.499439,0.370514,0.0230973,0.0138764
HEAVE,-0.636303,0.595724,0.152971,0.0360846,0.0159035
HEAVE,-0.634263,-0.199413,0.0806896,0.0405451,0.017069
HEAVE,-0.635283,0.0995299,0.0605705,0.0425477,0.0161395
HEAVE,-0.632224,-0.297917,-0.101217,0.0281712,0.0153588
HEAVE,-0.628145,-0.399048,-0.272656,-0.00191148,0.011436
HEAVE,-0.633244,0.496448,-0.158246,-0.017545,0.00863212
HEAVE,-0.627125,-0.598238,0.0455146,-0.011239,0.0124765
HEAVE,-0.632224,0.495597,-0.0327176,-0.0133869,0.012939
HEAVE,-0.631204,-0.0997388,0.0780743,-0.00424076,0.0122763
HEAVE,-0.639362,0.795869,0.325472,0.0287305,0.017746
HEAVE,-0.630185,-0.893047,0.162039,0.0420613,0.0193298
HEAVE,-0.631204,0.0993842,-0.316803,0.00617485,0.0122802
HEAVE,-0.633244,0.196947,-0.173487,-0.0117914,0.00996654
HEAVE,-0.631204,-0.199222,0.140511,0.00343881,0.0149439
HEAVE,-0.634263,0.298312,0.0581367,0.0089086,0.0162102
HEAVE,-0.628145,-0.597625,-0.0827656,-0.000258819,0.0107004
HEAVE,-0.634263,0.598461,-0.0974061,-0.00997354,0.00697277
HEAVE,-0.633244,-0.0990826,0.160725,0.00709631,0.0108198
HEAVE,-0.628145,-0.495838,-0.0112661,0.00526007,0.012338
HEAVE,-0.630185,0.198685,-0.288886,-0.0241546,0.00788998
HEAVE,-0.637323,0.698726,0.177756,-0.00396349,0.00675052
HEAVE,-0.636303,-0.098968,0.488124,0.0452453,0.01219
HEAVE,-0.633244,-0.299189,0.0285401,0.0435748,0.0153298
HEAVE,-0.634263,0.0994281,-0.258921,0.0133252,0.00919228
HEAVE,-0.639362,0.498997,0.111875,0.0231801,0.00607642
HEAVE,-0.633244,-0.596791,0.191083,0.0399704,0.012957
HEAVE,-0.632224,-0.0993081,-0.251743,0.0107991,0.0140297
HEAVE,-0.634263,0.199394,-0.207378,-0.0110186,0.00932627
HEAVE,-0.632224,-0.198884,0.0726764,-0.00264912,0.0103031
HEAVE,-0.634263,0.199431,0.0359052,0.00120632,0.0125736
HEAVE,-0.631204,-0.294979,-0.0403015,-0.00294446,0.0159415
HEAVE,-0.633244,0.199231,-0.0621957,-0.00886958,0.0202917
HEAVE,-0.630185,-0.298791,-0.0502903,-0.0130117,0.0174535
HEAVE,-0.632224,0.197785,-0.0480726,-0.0165177,0.0100611
HEAVE,-0.637323,0.497106,0.182588,0.0033928,0.00769849
HEAVE,-0.634263,-0.297069,0.270386,0.0300921,0.0113306
HEAVE,-0.638342,0.396799,0.0564648,0.0327294,0.0155135
HEAVE,-0.636303,-0.197904,0.0410602,0.0335625,0.0189479
HEAVE,-0.627125,-0.892757,-0.2709,0.0031162,0.0159158
HEAVE,-0.641401,1.39563,-0.179218,-0.0151173,0.0101414
HEAVE,-0.638342,-0.297406,0.515477,0.0379422,0.0142032
HEAVE,-0.633244,-0.494771,0.120406,0.0461886,0.0163862
HEAVE,-0.634263,0.0995624,-0.436279,-0.00205818,0.0119285
HEAVE,-0.631204,-0.294262,-0.193458,-0.0211982,0.0121608
HEAVE,-0.642421,1.0889,0.250614,0.00598307,0.0167315
HEAVE,-0.631204,-1.09577,0.263952,0.0317799,0.017272
HEAVE,-0.636303,0.399108,-0.249091,0.00369281,0.0123949
HEAVE,-0.633244,-0.299629,-0.220229,-0.0186994,0.0105479
HEAVE,-0.635283,0.195261,0.0413237,-0.012697,0.0122398
HEAVE,-0.632224,-0.298645,-0.0230515,-0.0137325,0.0128133
HEAVE,-0.613869,-1.78784,-0.64853,-0.0772122,0.00609886
HEAVE,-0.636303,2.19002,-0.489395,-0.11843,0.000769188
HEAVE,-0.634263,-0.198418,0.812482,-0.0253392,0.00892933
HEAVE,-0.637323,0.299552,0.696988,0.0468935,0.0153901
HEAVE,-0.633244,-0.396174,-0.138138,0.0283903,0.0122583
HEAVE,-0.644461,1.09672,0.0572601,0.0312773,0.0111764
HEAVE,-0.636303,-0.785005,0.320212,0.0601708,0.0149746
HEAVE,-0.630185,-0.594882,-0.322709,0.0218829,0.01349
HEAVE,-0.634263,0.399002,-0.516523,-0.0319577,0.00735473
HEAVE,-0.641401,0.696693,0.318958,0.00313383,0.00880086
HEAVE,-0.640382,-0.099163,0.584624,0.0612829,0.016858
HEAVE,-0.635283,-0.496137,-0.0540947,0.0497451,0.0183537
HEAVE,-0.639362,0.396037,-0.304039,0.0143667,0.0134597
HEAVE,-0.637323,-0.197739,0.0380483,0.0167348,0.012024
HEAVE,-0.634263,-0.299552,-0.0353914,0.0115222,0.010819
HEAVE,-0.643441,0.875976,0.0166481,0.0120348,0.00983951
HEAVE,-0.644461,0.0998017,0.460732,0.0569046,0.0143001
HEAVE,-0.638342,-0.594385,0.13809,0.0650231,0.0161617
HEAVE,-0.637323,-0.0997132,-0.427262,0.0157946,0.00958288
HEAVE,-0.639362,0.19918,-0.197877,-0.00557257,0.00606608
HEAVE,-0.638342,-0.099783,0.131588,0.00814344,0.0106767
HEAVE,-0.642421,0.392367,0.148781,0.0222072,0.0130034
HEAVE,-0.637323,-0.496045,0.0327464,0.0232611,0.0110274
HEAVE,-0.644461,0.687621,0.000208607,0.0209558,0.0108945
HEAVE,-0.639362,-0.495367,0.106807,0.029541,0.0114844
HEAVE,-0.638342,-0.0995091,-0.117969,0.01479,0.00886557
HEAVE,-0.64854,0.993219,0.0691988,0.0202309,0.010216
HEAVE,-0.642421,-0.597945,0.397807,0.0579885,0.016764
HEAVE,-0.639362,-0.297883,-0.158496,0.0363401,0.0191168
HEAVE,-0.640382,0.0992228,-0.38887,-0.00618091,0.0153306
HEAVE,-0.639362,-0.100049,-0.0312266,-0.00868548,0.00849996
HEAVE,-0.643441,0.396928,0.153465,0.0075296,0.00622896
HEAVE,-0.638342,-0.499591,0.062248,0.0130014,0.00913094
HEAVE,-0.641401,0.287053,-0.118668,-0.00016547,0.00976961
HEAVE,-0.640382,-0.0990275,-0.0178645,-0.00193537,0.00922441
HEAVE,-0.630185,-0.993357,-0.244528,-0.0261947,0.00419327
HEAVE,-0.644461,1.39771,-0.198466,-0.0434218,0.000568719
HEAVE,-0.633244,-1.09361,0.249488,-0.0141307,0.00579469
HEAVE,-0.642421,0.898005,0.0658475,-0.00613292,0.00784675
HEAVE,-0.643441,0.0998529,0.192166,0.013697,0.0107518
HEAVE,-0.642421,-0.0998389,0.280986,0.0404259,0.0133292
HEAVE,-0.634263,-0.797055,-0.295691,0.00681417,0.00525366
HEAVE,-0.651599,1.68777,-0.0500412,0.00112863,0.0021691
HEAVE,-0.638342,-1.29582,0.42646,0.0436618,0.0114092
HEAVE,-0.640382,0.19881,-0.197931,0.0195025,0.0148655
HEAVE,-0.637323,-0.296636,-0.423181,-0.0247659,0.00804511
HEAVE,-0.636303,-0.0992643,-0.110644,-0.0333537,0.00366817
HEAVE,-0.639362,0.298903,0.01515,-0.0285033,0.00688857
HEAVE,-0.638342,-0.0995137,0.135871,-0.0120659,0.00882196
HEAVE,-0.644461,0.59542,0.20106,0.00924668,0.00712741
HEAVE,-0.643441,-0.0987349,0.26742,0.035064,0.00827189
HEAVE,-0.64548,0.200211,0.140697,0.0456273,0.00887197
HEAVE,-0.643441,-0.197703,-0.0154435,0.0395202,0.00811183
HEAVE,-0.641401,-0.199533,-0.139771,0.0215911,0.00772629
HEAVE,-0.642421,0.0998319,-0.142908,0.00514122,0.00902377
HEAVE,-0.638342,-0.396652,-0.0921547,-0.00458837,0.00968468
HEAVE,-0.633244,-0.489393,-0.321945,-0.0363241,0.00601009
HEAVE,-0.642421,0.893773,-0.125267,-0.0452184,0.00508459
HEAVE,-0.639362,-0.299566,0.347758,-0.00592072,0.00778143
HEAVE,-0.641401,0.198326,0.165897,0.0112611,0.00618569
HEAVE,-0.638342,-0.297827,-0.118491,-0.00171409,0.00338039
HEAVE,-0.643441,0.498113,0.00104529,-0.00143815,0.00655888
HEAVE,-0.642421,-0.099618,0.195728,0.0182785,0.010251
HEAVE,-0.64752,0.495597,0.232531,0.0397038,0.0111712
HEAVE,-0.643441,-0.390469,0.113184,0.0470518,0.0117217
HEAVE,-0.638342,-0.49965,-0.269846,0.015362,0.00985091
HEAVE,-0.642421,0.398583,-0.309757,-0.0171499,0.0077274
HEAVE,-0.643441,0.0997435,0.16268,0.000833145,0.00774696
HEAVE,-0.644461,0.0994767,0.257488,0.0264986,0.0104345
HEAVE,-0.626106,-1.79383,-0.465867,-0.0227379,0.0086647
HEAVE,-0.644461,1.77342,-0.546473,-0.0751114,0.0014224
HEAVE,-0.640382,-0.399318,0.476476,-0.0199527,0.00130592
HEAVE,-0.644461,0.394748,0.494952,0.0315378,0.00597004
HEAVE,-0.640382,-0.398166,-0.0841249,0.0199715,0.007718
HEAVE,-0.643441,0.299189,-0.114949,0.00647943,0.00544976
HEAVE,-0.634263,-0.900295,-0.190623,-0.0132308,0.0016327
HEAVE,-0.641401,0.692503,-0.217205,-0.0336282,0.00197808
HEAVE,-0.640382,-0.0995995,0.145524,-0.015713,0.0055071
HEAVE,-0.641401,0.0991056,0.210806,0.00693889,0.0068884
HEAVE,-0.644461,0.297544,0.0910601,0.015351,0.00743994
HEAVE,-0.64548,0.0992458,0.196224,0.0334383,0.00980519
HEAVE,-0.64752,0.196938,0.18735,0.0488294,0.0123007
HEAVE,-0.630185,-1.69516,-0.385773,0.00536917,0.00894582
HEAVE,-0.64548,1.48855,-0.531526,-0.0483203,0.00411129
HEAVE,-0.639362,-0.598391,0.266434,-0.0168449,0.00494976
HEAVE,-0.642421,0.296444,0.263528,0.0111925,0.00488118
HEAVE,-0.644461,0.198833,0.0108964,0.0111629,0.00442549
HEAVE,-0.643441,-0.0986598,0.129181,0.0229647,0.0053067
HEAVE,-0.640382,-0.299755,-0.0892286,0.0117453,0.00712342
HEAVE,-0.64752,0.69284,-0.0237344,0.00819736,0.00867826
HEAVE,-0.643441,-0.397408,0.21699,0.0290767,0.00569339
HEAVE,-0.641401,-0.19806,-0.0838098,0.017788,0.00365123
HEAVE,-0.64752,0.597917,-0.094542,0.00655502,0.0070686
HEAVE,-0.6465,-0.0993011,0.277559,0.0336554,0.0117788
HEAVE,-0.64854,0.20015,0.191818,0.0494716,0.0111908
HEAVE,-0.64752,-0.0995392,0.0113678,0.0456613,0.00866497
HEAVE,-0.644461,-0.296787,-0.119543,0.0291408,0.00996045
HEAVE,-0.633244,-1.0912,-0.524597,-0.0262329,0.00691677
HEAVE,-0.642421,0.862917,-0.452904,-0.0689,0.00197449
HEAVE,-0.64548,0.297434,0.363059,-0.0257041,0.0058356
HEAVE,-0.643441,-0.198967,0.446461,0.0215124,0.0167855
HEAVE,-0.649559,0.598572,0.0835733,0.0277185,0.0225152
HEAVE,-0.643441,-0.59607,0.0411487,0.0290615,0.0148019
HEAVE,-0.64752,0.399197,-0.0712782,0.0190275,0.00711919
HEAVE,-0.640382,-0.69757,-0.152126,0.00191219,0.00697932
HEAVE,-0.642421,0.197292,-0.221699,-0.0204489,0.00418972
HEAVE,-0.644461,0.196775,-0.00499843,-0.0189039,0.000937614
HEAVE,-0.64854,0.395159,0.326865,0.015673,0.00743335
HEAVE,-0.643441,-0.499626,0.143642,0.0284699,0.014035
HEAVE,-0.644461,0.0992482,-0.20398,0.0052249,0.00880562
HEAVE,-0.636303,-0.79752,-0.346463,-0.0299439,-0.000505249
HEAVE,-0.651599,1.48914,0.0330631,-0.0236432,0.000366329
HEAVE,-0.64548,-0.594909,0.523981,0.0311193,0.00864654
HEAVE,-0.6465,0.0993127,0.111089,0.0391162,0.00937694
HEAVE,-0.640382,-0.599481,-0.38161,-0.00295646,0.00591475
HEAVE,-0.652618,1.18976,0.0073272,-0.0019281,0.00582154
HEAVE,-0.643441,-0.856561,0.336001,0.0318648,0.00457422
HEAVE,-0.650579,0.69757,0.0497706,0.0336554,0.00369103
HEAVE,-0.64752,-0.300471,0.0120713,0.031497,0.00808437
HEAVE,-0.64548,-0.19906,-0.0385463,0.0244927,0.00967767
HEAVE,-0.650579,0.497719,-0.0609095,0.0159524,0.0077527
HEAVE,-0.651599,0.0998622,0.269136,0.0412707,0.00895625
HEAVE,-0.643441,-0.791616,-0.0171292,0.0354308,0.00845749
HEAVE,-0.650579,0.697862,-0.27628,0.00425969,0.00569261
HEAVE,-0.651599,0.0997644,0.209113,0.024745,0.00671567
HEAVE,-0.6465,-0.49838,0.164297,0.0387002,0.00953833
HEAVE,-0.64752,0.100091,-0.269316,0.00789861,0.00615318
HEAVE,-0.6465,-0.0995902,-0.144718,-0.00736302,0.000727929
HEAVE,-0.656697,0.998366,0.309636,0.0243368,0.00540924
HEAVE,-0.643441,-1.29497,0.201222,0.0420254,0.0113102
HEAVE,-0.6465,0.299657,-0.431568,-0.00533391,0.00730675
HEAVE,-0.64752,0.09956,-0.209144,-0.0257149,0.00368066
HEAVE,-0.654658,0.696807,0.424277,0.0192843,0.00730096
HEAVE,-0.650579,-0.398676,0.35649,0.0530048,0.0120525
HEAVE,-0.639362,-1.09774,-0.423818,0.00532258,0.007993
HEAVE,-0.650579,1.09024,-0.501706,-0.0453803,0.00542122
HEAVE,-0.653638,0.299482,0.477613,0.00691906,0.012182
HEAVE,-0.64548,-0.792863,0.348664,0.0410935,0.0131738
HEAVE,-0.650579,0.498869,-0.312612,0.00572298,0.00938916
HEAVE,-0.649559,-0.0999089,-0.0291012,0.00224056,0.00717649
HEAVE,-0.652618,0.298701,0.228747,0.0248912,0.0066541
HEAVE,-0.643441,-0.892715,-0.11077,0.0113251,0.00850331
HEAVE,-0.651599,0.79985,-0.240459,-0.0138533,0.00659914
HEAVE,-0.654658,0.299279,0.31376,0.018908,0.00547214
HEAVE,-0.652618,-0.199468,0.392457,0.056263,0.011376
HEAVE,-0.6465,-0.595392,-0.257444,0.0248923,0.0130334
HEAVE,-0.653638,0.693546,-0.271437,-0.00474066,0.0114255
HEAVE,-0.6465,-0.694737,0.0725908,0.00299248,0.0119999
HEAVE,-0.64548,-0.0993634,-0.186359,-0.0159427,0.00877757
HEAVE,-0.650579,0.498613,-0.128116,-0.02716,0.00548581
HEAVE,-0.654658,0.397085,0.411293,0.0166852,0.00692454
HEAVE,-0.652618,-0.19834,0.342565,0.0492733,0.00894323
HEAVE,-0.650579,-0.191369,-0.126532,0.0316927,0.00783234
HEAVE,-0.653638,0.299028,-0.141416,0.0143819,0.00781589
HEAVE,-0.64752,-0.594179,-0.0331997,0.00962372,0.00891297
HEAVE,-0.653638,0.598517,-0.0609091,0.00257043,0.00922543
HEAVE,-0.649559,-0.398101,0.0656731,0.0088807,0.0131016
HEAVE,-0.64854,-0.0989588,-0.0764358,0.000349053,0.0135899
HEAVE,-0.651599,0.296904,-0.0988867,-0.00957453,0.00912347
HEAVE,-0.656697,0.498566,0.304103,0.0217932,0.0105055
HEAVE,-0.650579,-0.594496,0.221877,0.0418016,0.0139092
HEAVE,-0.64548,-0.500035,-0.400898,-0.00246834,0.00988978
HEAVE,-0.654658,0.897168,-0.24236,-0.0264575,0.00550889
HEAVE,-0.651599,-0.296636,0.36104,0.0122922,0.00679398
HEAVE,-0.652618,0.0997691,0.159838,0.0270468,0.00726052
HEAVE,-0.654658,0.197835,-0.0324641,0.0210958,0.00963434
HEAVE,-0.649559,-0.498717,-0.0283957,0.0161466,0.012448
HEAVE,-0.655678,0.599341,-0.0530856,0.00922339,0.0102903
HEAVE,-0.653638,-0.198764,0.151682,0.0234692,0.00923223
HEAVE,-0.658737,0.495493,0.213361,0.0424584,0.0160245
HEAVE,-0.652618,-0.59495,0.0317478,0.0413874,0.0218067
HEAVE,-0.64854,-0.40074,-0.357404,0.00150822,0.0134679
HEAVE,-0.657717,0.895623,-0.152142,-0.0138568,0.00699698
HEAVE,-0.652618,-0.497858,0.322814,0.0198103,0.0110664
HEAVE,-0.649559,-0.297399,-0.0903155,0.00879773,0.0113127
HEAVE,-0.659756,0.997598,-0.0832538,-0.000407423,0.0123864
HEAVE,-0.653638,-0.596319,0.338137,0.0334471,0.0179398
HEAVE,-0.650579,-0.298479,-0.130267,0.0170756,0.0151819
HEAVE,-0.657717,0.69884,-0.202866,-0.00491855,0.0110452
HEAVE,-0.653638,-0.399673,0.22726,0.0182993,0.0124072
HEAVE,-0.659756,0.597166,0.180299,0.0344992,0.0122479
HEAVE,-0.656697,-0.298333,0.106371,0.0416864,0.0114382
HEAVE,-0.654658,-0.199832,-0.0893342,0.0285843,0.0144025
HEAVE,-0.653638,-0.0993611,-0.251813,0.000544566,0.0171997
HEAVE,-0.651599,-0.19452,-0.158384,-0.0153483,0.0129515
HEAVE,-0.665875,1.39494,0.30876,0.0170625,0.0134038
HEAVE,-0.651599,-1.39748,0.378061,0.0531623,0.0170754
HEAVE,-0.654658,0.298979,-0.375506,0.0102955,0.0120286
HEAVE,-0.6465,-0.799084,-0.533144,-0.0440484,0.00758942
HEAVE,-0.652618,0.599734,-0.140425,-0.0536861,0.00642251
HEAVE,-0.651599,-0.0993888,0.179677,-0.0303498,0.00604938
HEAVE,-0.655678,0.398918,0.258396,-0.00147524,0.00947143
HEAVE,-0.654658,-0.0981031,0.145007,0.013173,0.0118669
HEAVE,-0.659756,0.492685,0.159337,0.0277894,0.0106847
HEAVE,-0.656697,-0.296527,0.148145,0.0398249,0.010248
HEAVE,-0.651599,-0.499032,-0.202921,0.0155504,0.00810509
HEAVE,-0.653638,0.197288,-0.346841,-0.0206887,0.00583211
HEAVE,-0.657717,0.397241,0.120591,-0.00656079,0.012284
HEAVE,-0.653638,-0.397944,0.233473,0.0174426,0.0191478
HEAVE,-0.660776,0.686202,0.0635296,0.0220513,0.0161525
HEAVE,-0.658737,-0.198124,0.187323,0.0385785,0.0135611
HEAVE,-0.649559,-0.865536,-0.179499,0.0167707,0.0109304
HEAVE,-0.656697,0.694495,-0.393812,-0.0242875,0.00658075
HEAVE,-0.653638,-0.296883,0.0971756,-0.0121412,0.00826529
HEAVE,-0.649559,-0.399794,-0.0200035,-0.0129275,0.00958651
HEAVE,-0.653638,0.398528,-0.221116,-0.0337463,0.00959235
HEAVE,-0.652618,-0.0997784,0.0905697,-0.0213147,0.010548
HEAVE,-0.653638,0.0990092,0.125236,-0.00665967,0.00853174
HEAVE,-0.655678,0.20022,0.0718765,0.00119395,0.00781408
HEAVE,-0.653638,-0.199069,0.0664886,0.00772341,0.0105188
HEAVE,-0.657717,0.399086,0.0465869,0.0116098,0.0144493
HEAVE,-0.654658,-0.299335,0.0763927,0.0180881,0.0148826
HEAVE,-0.653638,-0.0991745,-0.0955065,0.0067286,0.00868768
HEAVE,-0.654658,0.0996412,-0.129704,-0.00691465,0.00627976
HEAVE,-0.659756,0.495643,0.190896,0.0128664,0.0120048
HEAVE,-0.653638,-0.592711,0.168196,0.0283994,0.0136135
HEAVE,-0.652618,-0.100216,-0.264165,-0.000857052,0.00761185
HEAVE,-0.658737,0.599621,-0.0855546,-0.00932681,0.0062586
HEAVE,-0.653638,-0.491,0.223441,0.01395,0.0083723
HEAVE,-0.655678,0.199813,-0.0387902,0.00867598,0.00836986
HEAVE,-0.653638,-0.198792,-0.123345,-0.00452617,0.0077455
HEAVE,-0.663835,0.996528,0.240624,0.0199888,0.00746038
HEAVE,-0.657717,-0.599062,0.371261,0.055116,0.0113443
HEAVE,-0.651599,-0.59814,-0.275554,0.022049,0.0113515
HEAVE,-0.657717,0.595848,-0.415071,-0.0216629,0.0051097
HEAVE,-0.655678,-0.199027,0.16286,-0.00321066,0.00509533
HEAVE,-0.654658,-0.0989336,0.100203,0.00713066,0.00879052
HEAVE,-0.649559,-0.496771,-0.289719,-0.0225543,0.0073405
